timestamp_ms,gyrox_deg,gyroy_deg,gyroz_deg,accelx_deg,accely_deg,compfilterx_deg,compfiltery_deg,kalmanx_deg,kalmany_deg
2371.00,-0.014,0.045,0.018,-1.064,-0.705,-0.224,-0.102,-1.110,-0.729
2394.00,-0.014,0.048,0.018,-1.014,-0.694,-0.240,-0.111,-1.144,-0.757
2417.00,-0.017,0.048,0.017,-1.118,-0.731,-0.260,-0.124,-1.191,-0.788
2439.00,-0.020,0.051,0.014,-1.056,-0.694,-0.279,-0.132,-1.214,-0.802
2462.00,-0.016,0.052,0.014,-1.175,-0.705,-0.292,-0.142,-1.248,-0.815
2485.00,-0.017,0.052,0.017,-1.125,-0.681,-0.310,-0.153,-1.270,-0.821
2508.00,-0.016,0.055,0.020,-1.037,-0.650,-0.324,-0.160,-1.267,-0.815
2531.00,-0.014,0.055,0.018,-1.054,-0.707,-0.337,-0.171,-1.262,-0.819
2554.00,-0.014,0.055,0.021,-1.150,-0.735,-0.353,-0.183,-1.273,-0.826
2577.00,-0.016,0.057,0.023,-1.106,-0.691,-0.370,-0.191,-1.272,-0.820
2600.00,-0.016,0.059,0.023,-1.124,-0.597,-0.385,-0.197,-1.269,-0.793
2623.00,-0.016,0.061,0.023,-1.078,-0.719,-0.399,-0.206,-1.256,-0.792
2646.00,-0.018,0.064,0.021,-0.997,-0.748,-0.413,-0.214,-1.227,-0.793
2669.00,-0.018,0.065,0.023,-1.121,-0.720,-0.427,-0.223,-1.222,-0.790
2691.00,-0.018,0.068,0.023,-1.190,-0.664,-0.443,-0.229,-1.228,-0.773
2714.00,-0.018,0.072,0.023,-1.122,-0.638,-0.456,-0.233,-1.219,-0.752
2737.00,-0.017,0.076,0.020,-0.969,-0.706,-0.465,-0.238,-1.179,-0.745
2760.00,-0.017,0.079,0.020,-0.967,-0.636,-0.475,-0.243,-1.144,-0.727
2783.00,-0.017,0.082,0.018,-1.094,-0.692,-0.488,-0.250,-1.136,-0.721
2806.00,-0.020,0.087,0.017,-1.096,-0.638,-0.502,-0.252,-1.131,-0.703
2829.00,-0.023,0.090,0.020,-1.025,-0.706,-0.516,-0.258,-1.113,-0.702
2852.00,-0.024,0.090,0.021,-1.011,-0.734,-0.527,-0.268,-1.093,-0.709
2875.00,-0.024,0.093,0.023,-0.981,-0.691,-0.536,-0.274,-1.068,-0.705
2898.00,-0.023,0.097,0.023,-1.190,-0.719,-0.548,-0.278,-1.086,-0.706
2921.00,-0.026,0.101,0.027,-1.107,-0.706,-0.562,-0.283,-1.089,-0.704
2943.00,-0.026,0.104,0.027,-1.107,-0.692,-0.573,-0.288,-1.090,-0.701
2966.00,-0.027,0.105,0.025,-1.038,-0.761,-0.583,-0.296,-1.079,-0.713
2989.00,-0.028,0.107,0.028,-0.996,-0.719,-0.593,-0.303,-1.061,-0.716
3012.00,-0.030,0.110,0.032,-1.161,-0.691,-0.606,-0.308,-1.077,-0.711
3035.00,-0.030,0.112,0.034,-1.149,-0.720,-0.617,-0.314,-1.089,-0.713
3058.00,-0.030,0.115,0.031,-1.188,-0.705,-0.628,-0.319,-1.107,-0.711
3081.00,-0.030,0.118,0.030,-1.011,-0.734,-0.636,-0.325,-1.088,-0.716
3104.00,-0.030,0.122,0.028,-1.038,-0.650,-0.644,-0.327,-1.077,-0.702
3127.00,-0.028,0.122,0.028,-1.066,-0.664,-0.651,-0.334,-1.072,-0.696
3150.00,-0.031,0.124,0.027,-1.122,-0.651,-0.663,-0.339,-1.082,-0.687
3173.00,-0.033,0.125,0.025,-1.010,-0.678,-0.671,-0.344,-1.067,-0.684
3195.00,-0.031,0.124,0.023,-1.136,-0.762,-0.679,-0.354,-1.077,-0.700
3218.00,-0.030,0.125,0.026,-1.025,-0.637,-0.685,-0.358,-1.064,-0.688
3241.00,-0.030,0.128,0.023,-1.039,-0.693,-0.692,-0.362,-1.057,-0.687
3264.00,-0.028,0.129,0.026,-1.120,-0.747,-0.699,-0.368,-1.066,-0.698
3287.00,-0.028,0.132,0.024,-1.040,-0.555,-0.706,-0.369,-1.059,-0.669
3310.00,-0.031,0.134,0.026,-1.091,-0.580,-0.716,-0.372,-1.066,-0.650
3333.00,-0.031,0.136,0.027,-1.098,-0.625,-0.724,-0.374,-1.071,-0.640
3356.00,-0.033,0.136,0.027,-1.010,-0.609,-0.731,-0.379,-1.059,-0.632
3379.00,-0.035,0.136,0.026,-1.025,-0.651,-0.740,-0.385,-1.053,-0.632
3402.00,-0.035,0.138,0.024,-1.024,-0.900,-0.745,-0.393,-1.045,-0.680
3425.00,-0.037,0.142,0.020,-0.986,-0.375,-0.752,-0.389,-1.032,-0.619
3447.00,-0.038,0.150,0.021,-0.926,-0.498,-0.756,-0.383,-1.009,-0.586
3470.00,-0.038,0.153,0.021,-1.135,-1.245,-0.764,-0.398,-1.028,-0.705
3493.00,-0.038,0.157,0.021,-1.193,-0.527,-0.772,-0.396,-1.057,-0.674
3516.00,-0.040,0.159,0.023,-0.876,-0.556,-0.776,-0.398,-1.022,-0.653
3539.00,-0.040,0.163,0.026,-1.221,-1.262,-0.785,-0.411,-1.057,-0.768
3562.00,-0.038,0.164,0.030,-1.277,-0.569,-0.793,-0.413,-1.099,-0.739
3585.00,-0.038,0.168,0.031,-0.899,-0.332,-0.795,-0.407,-1.064,-0.665
3608.00,-0.037,0.171,0.034,-1.050,-1.064,-0.799,-0.418,-1.060,-0.740
3631.00,-0.038,0.174,0.033,-1.261,-0.630,-0.810,-0.419,-1.100,-0.724
3654.00,-0.037,0.178,0.034,-0.927,-0.641,-0.811,-0.419,-1.069,-0.710
3676.00,-0.038,0.182,0.034,-1.007,-0.727,-0.816,-0.422,-1.058,-0.714
3699.00,-0.039,0.185,0.033,-1.007,-0.552,-0.821,-0.421,-1.049,-0.685
3722.00,-0.039,0.182,0.035,-1.105,-0.912,-0.827,-0.434,-1.058,-0.732
3745.00,-0.038,0.186,0.034,-0.929,-0.624,-0.828,-0.434,-1.031,-0.713
3768.00,-0.041,0.188,0.031,-0.987,-0.653,-0.833,-0.437,-1.022,-0.704
3791.00,-0.041,0.192,0.033,-1.165,-0.674,-0.840,-0.437,-1.047,-0.697
3814.00,-0.038,0.192,0.034,-1.079,-0.792,-0.842,-0.444,-1.050,-0.717
3837.00,-0.038,0.198,0.033,-1.154,-0.563,-0.848,-0.441,-1.070,-0.686
3860.00,-0.037,0.199,0.034,-1.148,-0.779,-0.853,-0.447,-1.085,-0.704
3883.00,-0.037,0.206,0.033,-1.072,-0.334,-0.857,-0.438,-1.085,-0.630
3906.00,-0.038,0.210,0.034,-0.949,-0.564,-0.861,-0.436,-1.062,-0.610
3928.00,-0.038,0.209,0.034,-1.128,-1.351,-0.866,-0.456,-1.075,-0.749
3951.00,-0.038,0.209,0.033,-1.022,-0.414,-0.869,-0.455,-1.066,-0.692
3974.00,-0.039,0.212,0.034,-0.978,-0.771,-0.873,-0.458,-1.050,-0.707
3997.00,-0.041,0.216,0.033,-1.157,-1.144,-0.880,-0.468,-1.071,-0.791
4020.00,-0.041,0.217,0.033,-1.037,-0.387,-0.883,-0.465,-1.065,-0.722
4043.00,-0.042,0.223,0.031,-1.057,-0.918,-0.888,-0.468,-1.064,-0.759
4066.00,-0.042,0.224,0.031,-1.153,-0.639,-0.893,-0.471,-1.081,-0.742
4089.00,-0.047,0.227,0.031,-1.062,-0.580,-0.900,-0.470,-1.082,-0.713
4112.00,-0.049,0.227,0.027,-0.991,-0.852,-0.905,-0.478,-1.068,-0.742
4135.00,-0.049,0.227,0.028,-1.039,-0.656,-0.908,-0.481,-1.061,-0.730
4158.00,-0.051,0.231,0.027,-1.146,-0.895,-0.914,-0.485,-1.078,-0.761
4180.00,-0.049,0.233,0.026,-1.124,-0.534,-0.917,-0.485,-1.086,-0.722
4203.00,-0.051,0.237,0.030,-1.128,-0.418,-0.922,-0.479,-1.096,-0.662
4226.00,-0.051,0.241,0.028,-1.129,-1.087,-0.926,-0.488,-1.104,-0.737
4249.00,-0.054,0.243,0.028,-0.747,0.277,-0.926,-0.471,-1.039,-0.545
4272.00,-0.052,0.244,0.027,-1.136,-1.081,-0.928,-0.482,-1.053,-0.634
4295.00,-0.052,0.250,0.023,-1.126,-1.042,-0.932,-0.487,-1.065,-0.705
4318.00,-0.051,0.251,0.024,-0.892,-0.321,-0.930,-0.483,-1.029,-0.633
4341.00,-0.052,0.255,0.024,-1.068,-1.027,-0.934,-0.489,-1.034,-0.702
4364.00,-0.054,0.257,0.026,-1.238,-0.482,-0.942,-0.488,-1.072,-0.662
4387.00,-0.058,0.258,0.026,-1.018,-0.537,-0.947,-0.487,-1.066,-0.636
4410.00,-0.059,0.262,0.024,-1.202,-0.650,-0.954,-0.487,-1.093,-0.633
4432.00,-0.059,0.264,0.024,-1.091,-0.304,-0.957,-0.482,-1.094,-0.567
4455.00,-0.061,0.262,0.026,-1.094,-0.955,-0.961,-0.492,-1.097,-0.636
4478.00,-0.061,0.266,0.024,-1.094,-0.775,-0.963,-0.494,-1.098,-0.658
4501.00,-0.062,0.272,0.024,-0.937,-0.731,-0.964,-0.493,-1.069,-0.669
4524.00,-0.065,0.273,0.026,-1.113,-0.946,-0.970,-0.501,-1.079,-0.724
4547.00,-0.065,0.275,0.028,-1.138,-0.494,-0.973,-0.499,-1.090,-0.686
4570.00,-0.065,0.280,0.030,-1.220,-0.679,-0.978,-0.497,-1.115,-0.684
4593.00,-0.063,0.283,0.030,-1.156,-0.785,-0.981,-0.500,-1.125,-0.704
4616.00,-0.065,0.286,0.028,-1.004,-0.502,-0.982,-0.498,-1.106,-0.668
4639.00,-0.063,0.287,0.030,-1.068,-0.890,-0.983,-0.504,-1.098,-0.711
4662.00,-0.066,0.289,0.030,-1.064,-0.448,-0.987,-0.502,-1.094,-0.665
4684.00,-0.065,0.292,0.031,-1.013,-0.861,-0.986,-0.506,-1.078,-0.701
4707.00,-0.065,0.294,0.033,-1.162,-0.802,-0.990,-0.509,-1.092,-0.722
4730.00,-0.065,0.300,0.033,-1.108,-0.651,-0.992,-0.507,-1.095,-0.709
4753.00,-0.063,0.304,0.033,-0.956,-0.683,-0.990,-0.506,-1.068,-0.705
4776.00,-0.065,0.308,0.033,-1.083,-0.830,-0.993,-0.509,-1.070,-0.730
4799.00,-0.066,0.310,0.033,-1.111,-0.576,-0.997,-0.508,-1.077,-0.705
4822.00,-0.066,0.314,0.033,-1.199,-0.516,-1.001,-0.505,-1.100,-0.669
4845.00,-0.066,0.315,0.035,-1.064,-0.940,-1.002,-0.512,-1.094,-0.720
4868.00,-0.070,0.317,0.034,-0.996,-0.567,-1.006,-0.512,-1.079,-0.694
4891.00,-0.072,0.320,0.031,-0.971,-0.624,-1.007,-0.511,-1.057,-0.681
4914.00,-0.072,0.325,0.028,-1.068,-0.708,-1.008,-0.510,-1.056,-0.682
4936.00,-0.073,0.327,0.028,-1.042,-0.639,-1.010,-0.511,-1.052,-0.675
4959.00,-0.072,0.328,0.024,-1.144,-0.758,-1.011,-0.514,-1.066,-0.690
4982.00,-0.075,0.328,0.023,-1.085,-0.668,-1.016,-0.517,-1.070,-0.688
5005.00,-0.076,0.331,0.021,-1.048,-0.662,-1.018,-0.518,-1.066,-0.683
5028.00,-0.076,0.329,0.021,-1.041,-0.624,-1.018,-0.521,-1.059,-0.674
5051.00,-0.076,0.332,0.023,-1.009,-0.567,-1.018,-0.519,-1.048,-0.651
5074.00,-0.076,0.334,0.023,-1.151,-0.763,-1.021,-0.523,-1.065,-0.670
5097.00,-0.076,0.332,0.026,-1.051,-0.761,-1.021,-0.529,-1.061,-0.690
5120.00,-0.073,0.335,0.028,-1.063,-0.746,-1.019,-0.530,-1.058,-0.700
5143.00,-0.075,0.338,0.026,-1.138,-0.666,-1.023,-0.530,-1.074,-0.694
5166.00,-0.076,0.341,0.027,-1.092,-0.664,-1.026,-0.530,-1.079,-0.688
5188.00,-0.076,0.341,0.028,-0.985,-0.638,-1.025,-0.532,-1.061,-0.680
5211.00,-0.077,0.343,0.027,-1.037,-0.705,-1.027,-0.533,-1.057,-0.684
5234.00,-0.077,0.345,0.027,-1.079,-0.692,-1.028,-0.535,-1.060,-0.686
5257.00,-0.077,0.346,0.031,-1.024,-0.719,-1.028,-0.537,-1.052,-0.693
5280.00,-0.080,0.349,0.031,-1.078,-0.760,-1.031,-0.539,-1.057,-0.705
5303.00,-0.083,0.353,0.031,-0.968,-0.691,-1.033,-0.538,-1.041,-0.703
5326.00,-0.082,0.356,0.030,-1.011,-0.762,-1.031,-0.540,-1.031,-0.715
5349.00,-0.082,0.357,0.028,-1.122,-0.720,-1.033,-0.542,-1.046,-0.719
5372.00,-0.084,0.362,0.028,-1.039,-0.693,-1.036,-0.541,-1.045,-0.714
5395.00,-0.083,0.363,0.025,-1.108,-0.665,-1.036,-0.542,-1.055,-0.707
5418.00,-0.083,0.367,0.025,-1.121,-0.637,-1.038,-0.540,-1.067,-0.693
5440.00,-0.084,0.367,0.027,-1.079,-0.623,-1.040,-0.541,-1.071,-0.681
5463.00,-0.087,0.371,0.027,-1.079,-0.692,-1.043,-0.540,-1.076,-0.680
5486.00,-0.087,0.376,0.025,-1.121,-0.651,-1.045,-0.538,-1.085,-0.671
5509.00,-0.086,0.378,0.024,-1.040,-0.749,-1.043,-0.540,-1.077,-0.684
5532.00,-0.086,0.381,0.024,-1.064,-0.663,-1.044,-0.539,-1.075,-0.679
5555.00,-0.091,0.385,0.023,-1.079,-0.608,-1.050,-0.537,-1.081,-0.664
5578.00,-0.093,0.388,0.021,-1.107,-0.692,-1.052,-0.537,-1.088,-0.667
5601.00,-0.096,0.390,0.024,-1.122,-0.707,-1.057,-0.539,-1.098,-0.674
5624.00,-0.094,0.393,0.027,-1.105,-0.649,-1.056,-0.539,-1.099,-0.668
5647.00,-0.097,0.395,0.027,-1.095,-0.749,-1.060,-0.540,-1.102,-0.682
5669.00,-0.097,0.398,0.029,-1.052,-0.720,-1.060,-0.541,-1.094,-0.689
5692.00,-0.097,0.399,0.032,-1.039,-0.651,-1.059,-0.542,-1.084,-0.684
5715.00,-0.096,0.401,0.035,-1.011,-0.651,-1.057,-0.543,-1.068,-0.678
5738.00,-0.098,0.402,0.036,-1.080,-0.651,-1.060,-0.543,-1.071,-0.674
5761.00,-0.100,0.406,0.036,-1.080,-0.665,-1.062,-0.542,-1.073,-0.670
5784.00,-0.101,0.411,0.034,-1.106,-0.705,-1.064,-0.541,-1.079,-0.674
5807.00,-0.101,0.413,0.031,-1.106,-0.691,-1.065,-0.541,-1.084,-0.677
5830.00,-0.101,0.412,0.029,-0.997,-0.706,-1.064,-0.546,-1.067,-0.686
5853.00,-0.103,0.416,0.028,-1.066,-0.650,-1.065,-0.544,-1.066,-0.678
5876.00,-0.103,0.422,0.025,-1.024,-0.664,-1.064,-0.541,-1.056,-0.673
5899.00,-0.105,0.423,0.027,-1.052,-0.637,-1.067,-0.541,-1.055,-0.666
5921.00,-0.107,0.423,0.027,-1.094,-0.637,-1.069,-0.543,-1.062,-0.662
5944.00,-0.105,0.425,0.027,-0.955,-0.692,-1.065,-0.545,-1.038,-0.667
5967.00,-0.107,0.423,0.028,-1.066,-0.665,-1.066,-0.548,-1.041,-0.669
5990.00,-0.107,0.427,0.027,-1.079,-0.678,-1.067,-0.547,-1.046,-0.668
6013.00,-0.107,0.430,0.027,-1.079,-0.692,-1.067,-0.547,-1.050,-0.672
6036.00,-0.108,0.436,0.024,-1.065,-0.692,-1.068,-0.544,-1.053,-0.673
6059.00,-0.110,0.437,0.022,-1.012,-0.707,-1.068,-0.546,-1.044,-0.680
6082.00,-0.110,0.440,0.021,-1.081,-0.707,-1.069,-0.547,-1.049,-0.685
6105.00,-0.110,0.443,0.020,-1.148,-0.706,-1.070,-0.547,-1.067,-0.690
6128.00,-0.108,0.447,0.020,-1.067,-0.721,-1.069,-0.547,-1.066,-0.696
6151.00,-0.108,0.451,0.018,-1.038,-0.692,-1.068,-0.545,-1.061,-0.696
6173.00,-0.110,0.457,0.020,-1.010,-0.706,-1.068,-0.543,-1.052,-0.697
6196.00,-0.111,0.461,0.018,-1.067,-0.624,-1.070,-0.541,-1.055,-0.683
6219.00,-0.114,0.464,0.018,-1.010,-0.734,-1.071,-0.542,-1.048,-0.693
6242.00,-0.114,0.465,0.018,-1.081,-0.679,-1.071,-0.543,-1.053,-0.693
6265.00,-0.117,0.467,0.017,-0.998,-0.693,-1.073,-0.545,-1.043,-0.695
6288.00,-0.115,0.472,0.021,-1.025,-0.582,-1.070,-0.540,-1.037,-0.672
6311.00,-0.115,0.472,0.021,-1.094,-0.678,-1.071,-0.543,-1.046,-0.674
6334.00,-0.117,0.475,0.024,-1.120,-0.705,-1.073,-0.543,-1.060,-0.680
6357.00,-0.115,0.481,0.025,-1.093,-0.692,-1.072,-0.541,-1.065,-0.679
6380.00,-0.117,0.482,0.024,-1.039,-0.623,-1.073,-0.541,-1.062,-0.670
6403.00,-0.117,0.485,0.028,-1.026,-0.707,-1.072,-0.542,-1.055,-0.676
6425.00,-0.118,0.489,0.025,-1.053,-0.638,-1.073,-0.540,-1.055,-0.667
6448.00,-0.117,0.486,0.027,-1.163,-0.651,-1.073,-0.545,-1.075,-0.668
6471.00,-0.119,0.487,0.030,-1.107,-0.664,-1.077,-0.546,-1.084,-0.667
6494.00,-0.121,0.490,0.031,-1.106,-0.650,-1.079,-0.545,-1.092,-0.662
6517.00,-0.124,0.494,0.030,-0.983,-0.734,-1.080,-0.545,-1.075,-0.673
6540.00,-0.124,0.494,0.032,-1.052,-0.609,-1.079,-0.546,-1.071,-0.663
6563.00,-0.126,0.500,0.031,-1.109,-0.679,-1.082,-0.543,-1.080,-0.662
6586.00,-0.126,0.500,0.032,-1.038,-0.692,-1.081,-0.546,-1.072,-0.669
6609.00,-0.126,0.500,0.034,-1.063,-0.704,-1.081,-0.549,-1.070,-0.678
6632.00,-0.128,0.507,0.034,-1.053,-0.652,-1.082,-0.544,-1.068,-0.669
6655.00,-0.128,0.508,0.034,-1.050,-0.691,-1.081,-0.546,-1.063,-0.674
6677.00,-0.129,0.510,0.031,-1.107,-0.664,-1.083,-0.547,-1.072,-0.673
6700.00,-0.130,0.513,0.032,-1.079,-0.636,-1.084,-0.546,-1.074,-0.666
6723.00,-0.129,0.514,0.034,-1.136,-0.665,-1.084,-0.547,-1.085,-0.666
6746.00,-0.128,0.515,0.037,-1.067,-0.651,-1.082,-0.548,-1.081,-0.663
6769.00,-0.130,0.517,0.035,-1.024,-0.692,-1.084,-0.549,-1.073,-0.669
6792.00,-0.132,0.520,0.034,-1.011,-0.706,-1.084,-0.550,-1.061,-0.675
6815.00,-0.133,0.525,0.032,-1.121,-0.651,-1.086,-0.546,-1.073,-0.668
6838.00,-0.135,0.528,0.030,-1.039,-0.623,-1.086,-0.545,-1.067,-0.659
6861.00,-0.138,0.531,0.028,-1.164,-0.762,-1.091,-0.547,-1.087,-0.678
6884.00,-0.140,0.536,0.030,-1.148,-0.664,-1.095,-0.543,-1.102,-0.674
6907.00,-0.143,0.542,0.031,-1.065,-0.609,-1.097,-0.539,-1.098,-0.659
6929.00,-0.143,0.542,0.028,-1.052,-0.734,-1.096,-0.543,-1.090,-0.675
6952.00,-0.142,0.545,0.028,-1.123,-0.624,-1.095,-0.542,-1.095,-0.666
6975.00,-0.140,0.548,0.027,-0.996,-0.678,-1.092,-0.542,-1.075,-0.668
6998.00,-0.143,0.552,0.028,-1.064,-0.733,-1.094,-0.542,-1.074,-0.679
7021.00,-0.143,0.555,0.028,-1.176,-0.747,-1.096,-0.543,-1.093,-0.693
7044.00,-0.142,0.555,0.033,-1.068,-0.707,-1.094,-0.546,-1.087,-0.700
7067.00,-0.145,0.558,0.031,-1.137,-0.721,-1.097,-0.547,-1.099,-0.706
7090.00,-0.147,0.559,0.033,-1.119,-0.677,-1.100,-0.548,-1.106,-0.704
7113.00,-0.147,0.565,0.033,-1.080,-0.720,-1.100,-0.546,-1.102,-0.707
7136.00,-0.147,0.565,0.033,-1.078,-0.677,-1.100,-0.549,-1.098,-0.706
7159.00,-0.152,0.570,0.033,-1.106,-0.705,-1.104,-0.546,-1.103,-0.705
7181.00,-0.149,0.572,0.033,-0.998,-0.693,-1.099,-0.548,-1.081,-0.705
7204.00,-0.147,0.576,0.033,-1.149,-0.706,-1.099,-0.547,-1.092,-0.706
7227.00,-0.147,0.577,0.031,-1.082,-0.708,-1.098,-0.549,-1.090,-0.709
7250.00,-0.146,0.579,0.027,-1.093,-0.678,-1.097,-0.550,-1.089,-0.705
7273.00,-0.149,0.583,0.028,-1.052,-0.706,-1.099,-0.549,-1.083,-0.705
7296.00,-0.150,0.587,0.028,-1.066,-0.734,-1.099,-0.549,-1.080,-0.710
7319.00,-0.149,0.587,0.027,-1.079,-0.733,-1.098,-0.552,-1.078,-0.718
7342.00,-0.150,0.590,0.028,-1.037,-0.595,-1.098,-0.550,-1.070,-0.696
7365.00,-0.147,0.594,0.028,-1.038,-0.692,-1.094,-0.549,-1.059,-0.694
7388.00,-0.146,0.597,0.030,-1.150,-0.679,-1.094,-0.549,-1.073,-0.690
7411.00,-0.147,0.600,0.034,-1.108,-0.637,-1.095,-0.548,-1.081,-0.679
7433.00,-0.147,0.601,0.034,-1.037,-0.705,-1.094,-0.550,-1.072,-0.684
7456.00,-0.147,0.600,0.035,-1.038,-0.595,-1.093,-0.552,-1.064,-0.669
7479.00,-0.149,0.601,0.035,-1.096,-0.638,-1.094,-0.552,-1.070,-0.662
7502.00,-0.150,0.607,0.037,-0.983,-0.651,-1.094,-0.549,-1.053,-0.654
7525.00,-0.150,0.611,0.038,-1.135,-0.650,-1.094,-0.547,-1.067,-0.649
7548.00,-0.150,0.611,0.040,-1.163,-0.623,-1.096,-0.548,-1.084,-0.643
7571.00,-0.147,0.614,0.041,-1.053,-0.651,-1.092,-0.548,-1.077,-0.641
7594.00,-0.147,0.616,0.040,-1.041,-0.680,-1.091,-0.548,-1.070,-0.645
7617.00,-0.147,0.622,0.038,-1.108,-0.679,-1.091,-0.545,-1.077,-0.647
7640.00,-0.147,0.623,0.040,-1.066,-0.747,-1.091,-0.547,-1.075,-0.665
7662.00,-0.146,0.623,0.040,-1.037,-0.595,-1.089,-0.548,-1.066,-0.654
7685.00,-0.146,0.626,0.038,-1.052,-0.748,-1.088,-0.550,-1.063,-0.670
7708.00,-0.146,0.629,0.040,-1.108,-0.706,-1.088,-0.550,-1.071,-0.677
7731.00,-0.145,0.632,0.040,-1.108,-0.679,-1.087,-0.550,-1.077,-0.678
7754.00,-0.145,0.633,0.038,-1.023,-0.691,-1.086,-0.551,-1.067,-0.682
7777.00,-0.145,0.640,0.037,-1.136,-0.651,-1.087,-0.546,-1.080,-0.674
7800.00,-0.143,0.643,0.038,-1.105,-0.691,-1.086,-0.546,-1.085,-0.677
7823.00,-0.148,0.646,0.042,-1.038,-0.733,-1.089,-0.547,-1.080,-0.689
7846.00,-0.148,0.649,0.041,-1.010,-0.623,-1.088,-0.546,-1.067,-0.678
7869.00,-0.146,0.650,0.042,-1.137,-0.638,-1.087,-0.547,-1.079,-0.671
7892.00,-0.148,0.654,0.044,-1.010,-0.664,-1.087,-0.545,-1.067,-0.669
7914.00,-0.148,0.656,0.042,-1.164,-0.568,-1.089,-0.544,-1.085,-0.650
7937.00,-0.148,0.660,0.044,-1.134,-0.719,-1.089,-0.543,-1.095,-0.660
7960.00,-0.152,0.664,0.041,-1.052,-0.692,-1.093,-0.542,-1.092,-0.664
7983.00,-0.153,0.665,0.042,-1.067,-0.679,-1.094,-0.544,-1.089,-0.668
8006.00,-0.155,0.667,0.044,-0.970,-0.762,-1.093,-0.547,-1.067,-0.687
8029.00,-0.157,0.670,0.044,-0.997,-0.720,-1.093,-0.547,-1.054,-0.695
8052.00,-0.157,0.670,0.047,-1.108,-0.706,-1.094,-0.550,-1.062,-0.701
8075.00,-0.155,0.677,0.048,-1.107,-0.664,-1.091,-0.546,-1.066,-0.693
8098.00,-0.156,0.678,0.047,-0.998,-0.679,-1.091,-0.547,-1.053,-0.693
8121.00,-0.160,0.681,0.045,-1.038,-0.747,-1.094,-0.548,-1.051,-0.705
8144.00,-0.162,0.684,0.047,-1.093,-0.650,-1.095,-0.548,-1.058,-0.696
8166.00,-0.163,0.685,0.048,-1.053,-0.679,-1.096,-0.549,-1.056,-0.695
8189.00,-0.164,0.688,0.048,-1.053,-0.651,-1.096,-0.548,-1.055,-0.687
8212.00,-0.166,0.691,0.047,-1.038,-0.678,-1.096,-0.548,-1.051,-0.686
8235.00,-0.164,0.689,0.047,-1.107,-0.650,-1.095,-0.552,-1.059,-0.682
8258.00,-0.169,0.692,0.047,-0.996,-0.761,-1.097,-0.553,-1.049,-0.697
8281.00,-0.169,0.696,0.044,-1.091,-0.691,-1.097,-0.552,-1.055,-0.695
8304.00,-0.170,0.701,0.042,-1.081,-0.749,-1.098,-0.551,-1.060,-0.705
8327.00,-0.171,0.703,0.041,-1.051,-0.719,-1.099,-0.552,-1.058,-0.709
8350.00,-0.170,0.706,0.042,-1.106,-0.705,-1.097,-0.552,-1.065,-0.710
8373.00,-0.169,0.708,0.041,-1.123,-0.679,-1.097,-0.553,-1.075,-0.707
8396.00,-0.170,0.715,0.045,-1.066,-0.664,-1.097,-0.549,-1.075,-0.696
8418.00,-0.167,0.716,0.047,-1.067,-0.665,-1.094,-0.550,-1.072,-0.691
8441.00,-0.170,0.716,0.049,-1.038,-0.651,-1.096,-0.552,-1.068,-0.686
8464.00,-0.169,0.719,0.049,-0.997,-0.651,-1.092,-0.551,-1.053,-0.678
8487.00,-0.169,0.721,0.051,-1.024,-0.678,-1.091,-0.551,-1.046,-0.676
8510.00,-0.169,0.726,0.052,-1.108,-0.720,-1.091,-0.550,-1.056,-0.682
8533.00,-0.169,0.727,0.051,-1.108,-0.692,-1.092,-0.552,-1.065,-0.685
8556.00,-0.169,0.731,0.051,-1.109,-0.638,-1.092,-0.549,-1.074,-0.674
8579.00,-0.167,0.733,0.049,-1.095,-0.652,-1.091,-0.550,-1.078,-0.669
8602.00,-0.167,0.738,0.051,-1.108,-0.679,-1.091,-0.547,-1.085,-0.667
8625.00,-0.167,0.744,0.051,-1.065,-0.761,-1.090,-0.546,-1.083,-0.682
8648.00,-0.164,0.748,0.051,-1.136,-0.665,-1.089,-0.544,-1.092,-0.678
8670.00,-0.164,0.750,0.052,-1.027,-0.694,-1.087,-0.546,-1.082,-0.682
8693.00,-0.163,0.752,0.055,-1.052,-0.692,-1.085,-0.546,-1.076,-0.684
8716.00,-0.166,0.757,0.052,-0.983,-0.706,-1.086,-0.545,-1.061,-0.687
8739.00,-0.166,0.759,0.048,-1.067,-0.679,-1.086,-0.545,-1.061,-0.687
8762.00,-0.167,0.758,0.048,-1.065,-0.650,-1.087,-0.548,-1.062,-0.684
8785.00,-0.166,0.758,0.048,-1.108,-0.679,-1.086,-0.551,-1.069,-0.685
8808.00,-0.169,0.762,0.048,-1.079,-0.705,-1.088,-0.550,-1.073,-0.687
8831.00,-0.169,0.766,0.044,-1.149,-0.734,-1.090,-0.549,-1.088,-0.695
8854.00,-0.169,0.772,0.045,-1.093,-0.706,-1.090,-0.547,-1.090,-0.696
8877.00,-0.170,0.773,0.048,-1.052,-0.692,-1.090,-0.549,-1.085,-0.697
8900.00,-0.171,0.773,0.048,-1.122,-0.679,-1.092,-0.551,-1.094,-0.697
8922.00,-0.173,0.776,0.047,-1.094,-0.665,-1.094,-0.551,-1.097,-0.692
8945.00,-0.174,0.783,0.049,-0.955,-0.720,-1.092,-0.547,-1.072,-0.694
8968.00,-0.174,0.786,0.048,-1.163,-0.748,-1.094,-0.549,-1.088,-0.705
8991.00,-0.177,0.790,0.047,-1.012,-0.624,-1.095,-0.546,-1.076,-0.690
9014.00,-0.176,0.794,0.047,-1.121,-0.664,-1.094,-0.544,-1.083,-0.684
9037.00,-0.177,0.796,0.045,-1.037,-0.705,-1.094,-0.546,-1.075,-0.689
9060.00,-0.176,0.797,0.048,-1.080,-0.651,-1.092,-0.547,-1.074,-0.683
9083.00,-0.177,0.800,0.047,-1.093,-0.664,-1.094,-0.546,-1.078,-0.679
9106.00,-0.176,0.803,0.047,-1.120,-0.581,-1.093,-0.544,-1.084,-0.659
9129.00,-0.177,0.807,0.045,-1.093,-0.651,-1.094,-0.542,-1.088,-0.654
9152.00,-0.178,0.811,0.041,-1.079,-0.733,-1.095,-0.542,-1.087,-0.665
9174.00,-0.178,0.815,0.042,-1.064,-0.636,-1.095,-0.540,-1.083,-0.658
9197.00,-0.177,0.817,0.042,-1.080,-0.692,-1.093,-0.542,-1.081,-0.664
9220.00,-0.177,0.818,0.045,-1.080,-0.651,-1.093,-0.542,-1.081,-0.662
9243.00,-0.178,0.821,0.045,-1.079,-0.678,-1.094,-0.542,-1.081,-0.664
9266.00,-0.180,0.824,0.044,-1.066,-0.706,-1.095,-0.543,-1.079,-0.671
9289.00,-0.177,0.824,0.041,-1.121,-0.623,-1.093,-0.544,-1.085,-0.664
9312.00,-0.178,0.831,0.039,-1.038,-0.651,-1.093,-0.540,-1.077,-0.657
9335.00,-0.180,0.829,0.042,-1.123,-0.679,-1.095,-0.544,-1.086,-0.663
9358.00,-0.178,0.832,0.041,-1.080,-0.651,-1.093,-0.543,-1.084,-0.660
9381.00,-0.177,0.835,0.038,-1.079,-0.719,-1.092,-0.544,-1.082,-0.671
9403.00,-0.177,0.835,0.039,-1.009,-0.663,-1.090,-0.546,-1.068,-0.671
9426.00,-0.177,0.838,0.041,-1.024,-0.664,-1.089,-0.546,-1.058,-0.670
9449.00,-0.180,0.842,0.042,-1.206,-0.666,-1.094,-0.544,-1.087,-0.668
9472.00,-0.178,0.843,0.041,-1.052,-0.692,-1.091,-0.546,-1.080,-0.673
9495.00,-0.181,0.849,0.042,-1.038,-0.733,-1.093,-0.544,-1.074,-0.683
9518.00,-0.180,0.850,0.046,-1.094,-0.678,-1.092,-0.545,-1.076,-0.684
9541.00,-0.183,0.856,0.046,-1.109,-0.735,-1.095,-0.544,-1.084,-0.692
9564.00,-0.181,0.859,0.046,-1.011,-0.692,-1.092,-0.544,-1.069,-0.694
9587.00,-0.181,0.860,0.048,-1.065,-0.567,-1.091,-0.543,-1.067,-0.673
9610.00,-0.181,0.864,0.049,-1.065,-0.705,-1.091,-0.542,-1.065,-0.677
9633.00,-0.183,0.867,0.049,-1.040,-0.665,-1.091,-0.542,-1.060,-0.675
9655.00,-0.183,0.868,0.051,-1.010,-0.747,-1.089,-0.545,-1.049,-0.690
9678.00,-0.183,0.873,0.052,-1.136,-0.665,-1.090,-0.543,-1.064,-0.685
9701.00,-0.184,0.877,0.051,-1.023,-0.650,-1.090,-0.541,-1.056,-0.678
9724.00,-0.185,0.883,0.053,-1.039,-0.623,-1.091,-0.537,-1.052,-0.665
9747.00,-0.184,0.885,0.056,-1.053,-0.665,-1.089,-0.537,-1.049,-0.665
9770.00,-0.185,0.885,0.059,-0.995,-0.691,-1.088,-0.540,-1.038,-0.671
9793.00,-0.187,0.888,0.058,-1.065,-0.706,-1.089,-0.541,-1.042,-0.678
9816.00,-0.188,0.890,0.059,-1.039,-0.679,-1.089,-0.542,-1.040,-0.679
9839.00,-0.190,0.895,0.059,-1.079,-0.705,-1.091,-0.540,-1.047,-0.682
9862.00,-0.192,0.895,0.059,-1.066,-0.650,-1.093,-0.542,-1.051,-0.679
9885.00,-0.192,0.897,0.058,-0.996,-0.637,-1.091,-0.542,-1.039,-0.672
9907.00,-0.194,0.901,0.055,-1.065,-0.664,-1.092,-0.541,-1.043,-0.669
9930.00,-0.197,0.903,0.055,-1.107,-0.678,-1.095,-0.541,-1.056,-0.670
9953.00,-0.198,0.906,0.054,-1.095,-0.707,-1.096,-0.541,-1.064,-0.677
9976.00,-0.198,0.906,0.054,-1.124,-0.666,-1.097,-0.544,-1.076,-0.677
9999.00,-0.199,0.909,0.051,-1.093,-0.761,-1.098,-0.546,-1.081,-0.693
10022.00,-0.195,0.912,0.052,-1.052,-0.706,-1.093,-0.546,-1.073,-0.697
10045.00,-0.194,0.913,0.052,-1.079,-0.706,-1.091,-0.548,-1.074,-0.701
10068.00,-0.194,0.916,0.054,-1.095,-0.748,-1.091,-0.549,-1.079,-0.712
10091.00,-0.195,0.919,0.055,-0.996,-0.623,-1.091,-0.548,-1.065,-0.697
10114.00,-0.194,0.923,0.056,-1.009,-0.677,-1.088,-0.546,-1.053,-0.693
10137.00,-0.192,0.927,0.058,-1.106,-0.664,-1.087,-0.544,-1.061,-0.686
10159.00,-0.192,0.930,0.059,-1.078,-0.608,-1.087,-0.543,-1.064,-0.671
10182.00,-0.195,0.934,0.060,-1.080,-0.748,-1.089,-0.543,-1.070,-0.684
10205.00,-0.194,0.934,0.063,-1.150,-0.706,-1.089,-0.546,-1.084,-0.690
10228.00,-0.198,0.936,0.063,-1.120,-0.595,-1.094,-0.546,-1.096,-0.673
10251.00,-0.199,0.938,0.062,-1.106,-0.705,-1.095,-0.546,-1.102,-0.678
10274.00,-0.199,0.944,0.059,-1.079,-0.691,-1.095,-0.544,-1.099,-0.678
10297.00,-0.198,0.947,0.059,-1.066,-0.734,-1.093,-0.545,-1.093,-0.688
10320.00,-0.198,0.947,0.056,-1.053,-0.693,-1.092,-0.548,-1.087,-0.692
10343.00,-0.199,0.950,0.056,-1.079,-0.664,-1.093,-0.547,-1.087,-0.687
10366.00,-0.199,0.954,0.056,-1.051,-0.650,-1.093,-0.545,-1.080,-0.679
10389.00,-0.197,0.955,0.058,-0.982,-0.747,-1.088,-0.548,-1.059,-0.693
10411.00,-0.197,0.957,0.058,-1.053,-0.707,-1.087,-0.550,-1.056,-0.697
10434.00,-0.199,0.957,0.060,-1.080,-0.734,-1.090,-0.554,-1.061,-0.707
10457.00,-0.199,0.962,0.060,-1.120,-0.636,-1.090,-0.550,-1.071,-0.692
10480.00,-0.199,0.968,0.059,-1.093,-0.595,-1.090,-0.545,-1.075,-0.672
10503.00,-0.199,0.973,0.058,-1.052,-0.747,-1.089,-0.544,-1.070,-0.683
10526.00,-0.201,0.975,0.059,-1.054,-0.707,-1.090,-0.545,-1.068,-0.688
10549.00,-0.199,0.976,0.060,-1.094,-0.665,-1.089,-0.547,-1.071,-0.685
10572.00,-0.202,0.979,0.059,-1.066,-0.623,-1.091,-0.545,-1.072,-0.673
10595.00,-0.205,0.983,0.058,-1.120,-0.664,-1.094,-0.544,-1.083,-0.669
10618.00,-0.206,0.985,0.059,-1.051,-0.622,-1.095,-0.544,-1.078,-0.660
10641.00,-0.209,0.986,0.059,-1.120,-0.664,-1.098,-0.545,-1.089,-0.660
10663.00,-0.211,0.993,0.058,-1.081,-0.679,-1.099,-0.541,-1.089,-0.659
10686.00,-0.211,0.994,0.055,-1.121,-0.706,-1.100,-0.543,-1.095,-0.667
10709.00,-0.212,0.998,0.056,-1.040,-0.624,-1.100,-0.540,-1.086,-0.657
10732.00,-0.211,1.003,0.056,-1.079,-0.705,-1.098,-0.539,-1.084,-0.664
10755.00,-0.212,1.004,0.058,-1.095,-0.637,-1.099,-0.540,-1.087,-0.659
10778.00,-0.211,1.010,0.056,-1.092,-0.636,-1.098,-0.536,-1.086,-0.652
10801.00,-0.211,1.014,0.056,-1.121,-0.692,-1.098,-0.535,-1.093,-0.657
10824.00,-0.208,1.018,0.056,-1.092,-0.719,-1.095,-0.535,-1.091,-0.667
10847.00,-0.208,1.021,0.058,-1.079,-0.637,-1.095,-0.534,-1.090,-0.662
10870.00,-0.208,1.024,0.059,-1.025,-0.693,-1.094,-0.535,-1.078,-0.668
10893.00,-0.205,1.025,0.061,-1.064,-0.650,-1.090,-0.536,-1.072,-0.666
10915.00,-0.206,1.028,0.062,-1.108,-0.692,-1.092,-0.536,-1.079,-0.671
10938.00,-0.206,1.031,0.062,-1.093,-0.706,-1.092,-0.537,-1.082,-0.678
10961.00,-0.206,1.032,0.063,-1.054,-0.666,-1.091,-0.538,-1.076,-0.678
10984.00,-0.206,1.036,0.063,-1.037,-0.650,-1.090,-0.536,-1.068,-0.672
11007.00,-0.208,1.040,0.062,-1.079,-0.581,-1.091,-0.533,-1.070,-0.654
11030.00,-0.208,1.042,0.060,-1.024,-0.719,-1.090,-0.535,-1.060,-0.667
11053.00,-0.211,1.047,0.062,-1.024,-0.636,-1.091,-0.532,-1.054,-0.659
11076.00,-0.212,1.049,0.063,-0.994,-0.608,-1.091,-0.532,-1.041,-0.649
11099.00,-0.213,1.052,0.065,-1.095,-0.693,-1.092,-0.532,-1.049,-0.657
11122.00,-0.215,1.054,0.068,-1.010,-0.595,-1.092,-0.531,-1.041,-0.644
11145.00,-0.216,1.057,0.065,-1.067,-0.706,-1.093,-0.532,-1.044,-0.655
11167.00,-0.215,1.059,0.066,-1.024,-0.678,-1.090,-0.533,-1.037,-0.660
11190.00,-0.218,1.060,0.069,-1.024,-0.692,-1.092,-0.535,-1.034,-0.667
11213.00,-0.222,1.061,0.069,-1.162,-0.692,-1.097,-0.537,-1.059,-0.673
11236.00,-0.225,1.067,0.067,-1.051,-0.761,-1.099,-0.536,-1.059,-0.689
11259.00,-0.225,1.068,0.069,-1.052,-0.595,-1.098,-0.536,-1.057,-0.674
11282.00,-0.225,1.071,0.070,-1.093,-0.678,-1.098,-0.536,-1.063,-0.675
11305.00,-0.227,1.073,0.070,-1.092,-0.691,-1.101,-0.537,-1.070,-0.680
11328.00,-0.227,1.075,0.072,-1.067,-0.734,-1.100,-0.539,-1.069,-0.691
11351.00,-0.227,1.077,0.072,-0.953,-0.677,-1.097,-0.540,-1.047,-0.692
11374.00,-0.229,1.081,0.070,-1.052,-0.678,-1.097,-0.539,-1.047,-0.689
11396.00,-0.229,1.082,0.072,-1.050,-0.663,-1.096,-0.540,-1.046,-0.687
11419.00,-0.230,1.084,0.070,-1.124,-0.638,-1.098,-0.540,-1.060,-0.679
11442.00,-0.230,1.085,0.069,-1.091,-0.621,-1.098,-0.541,-1.066,-0.669
11465.00,-0.232,1.087,0.070,-1.065,-0.678,-1.099,-0.542,-1.067,-0.671
11488.00,-0.237,1.088,0.070,-1.011,-0.679,-1.103,-0.543,-1.060,-0.673
11511.00,-0.233,1.091,0.070,-1.025,-0.665,-1.097,-0.543,-1.049,-0.670
11534.00,-0.236,1.091,0.073,-1.066,-0.679,-1.099,-0.546,-1.053,-0.673
11557.00,-0.236,1.092,0.074,-1.025,-0.706,-1.098,-0.548,-1.046,-0.680
11580.00,-0.237,1.094,0.073,-1.079,-0.622,-1.099,-0.548,-1.052,-0.670
11603.00,-0.240,1.099,0.074,-1.163,-0.623,-1.103,-0.544,-1.075,-0.657
11626.00,-0.243,1.103,0.076,-1.052,-0.637,-1.104,-0.541,-1.073,-0.650
11648.00,-0.244,1.103,0.077,-1.095,-0.624,-1.106,-0.543,-1.079,-0.645
11671.00,-0.241,1.108,0.077,-1.079,-0.692,-1.102,-0.542,-1.077,-0.651
11694.00,-0.243,1.108,0.080,-1.066,-0.651,-1.103,-0.544,-1.077,-0.651
11717.00,-0.241,1.109,0.080,-1.065,-0.664,-1.101,-0.545,-1.074,-0.653
11740.00,-0.243,1.116,0.077,-1.040,-0.666,-1.101,-0.541,-1.069,-0.650
11763.00,-0.244,1.119,0.076,-0.930,-0.541,-1.099,-0.538,-1.042,-0.628
11786.00,-0.243,1.122,0.079,-1.101,-0.674,-1.098,-0.538,-1.050,-0.634
11809.00,-0.240,1.126,0.076,-1.141,-0.793,-1.096,-0.539,-1.064,-0.662
11832.00,-0.240,1.127,0.077,-1.159,-0.538,-1.097,-0.537,-1.082,-0.639
11855.00,-0.239,1.131,0.076,-1.057,-0.723,-1.095,-0.537,-1.078,-0.653
11878.00,-0.237,1.133,0.077,-1.017,-0.742,-1.092,-0.540,-1.066,-0.671
11900.00,-0.240,1.137,0.077,-1.056,-0.569,-1.094,-0.536,-1.066,-0.652
11923.00,-0.240,1.140,0.081,-1.024,-0.761,-1.092,-0.538,-1.058,-0.672
11946.00,-0.240,1.144,0.083,-1.025,-0.679,-1.091,-0.537,-1.051,-0.674
11969.00,-0.240,1.148,0.084,-1.093,-0.609,-1.091,-0.534,-1.058,-0.662
11992.00,-0.241,1.151,0.086,-1.068,-0.721,-1.092,-0.535,-1.060,-0.674
12015.00,-0.243,1.151,0.086,-1.026,-0.569,-1.092,-0.536,-1.054,-0.657
12038.00,-0.244,1.152,0.083,-1.051,-0.747,-1.093,-0.539,-1.054,-0.675
12061.00,-0.245,1.154,0.086,-1.109,-0.596,-1.094,-0.538,-1.064,-0.662
12084.00,-0.245,1.159,0.086,-1.149,-0.747,-1.095,-0.537,-1.081,-0.676
12107.00,-0.247,1.159,0.087,-1.178,-0.568,-1.098,-0.538,-1.102,-0.659
12130.00,-0.247,1.161,0.084,-1.066,-0.720,-1.098,-0.540,-1.098,-0.671
12152.00,-0.248,1.165,0.086,-1.010,-0.678,-1.097,-0.539,-1.084,-0.672
12175.00,-0.248,1.166,0.087,-1.095,-0.734,-1.097,-0.541,-1.087,-0.685
12198.00,-0.250,1.168,0.086,-1.011,-0.692,-1.097,-0.543,-1.074,-0.689
12221.00,-0.251,1.169,0.088,-1.038,-0.719,-1.097,-0.545,-1.067,-0.698
12244.00,-0.251,1.170,0.086,-1.080,-0.762,-1.097,-0.548,-1.069,-0.713
12267.00,-0.252,1.175,0.086,-0.983,-0.651,-1.096,-0.546,-1.052,-0.703
12290.00,-0.251,1.175,0.086,-1.080,-0.679,-1.094,-0.549,-1.054,-0.702
12313.00,-0.252,1.179,0.084,-1.066,-0.803,-1.095,-0.550,-1.056,-0.722
12336.00,-0.251,1.184,0.086,-1.136,-0.637,-1.094,-0.546,-1.069,-0.706
12359.00,-0.250,1.184,0.088,-1.052,-0.650,-1.092,-0.548,-1.064,-0.700
12382.00,-0.250,1.189,0.090,-0.928,-0.762,-1.089,-0.548,-1.037,-0.711
12404.00,-0.250,1.190,0.090,-1.080,-0.692,-1.089,-0.550,-1.043,-0.710
12427.00,-0.252,1.191,0.090,-1.039,-0.734,-1.090,-0.552,-1.042,-0.717
12450.00,-0.252,1.194,0.090,-1.038,-0.636,-1.089,-0.551,-1.039,-0.703
12473.00,-0.255,1.197,0.090,-1.065,-0.761,-1.092,-0.552,-1.045,-0.715
12496.00,-0.257,1.200,0.088,-1.026,-0.652,-1.092,-0.552,-1.040,-0.704
12519.00,-0.258,1.205,0.088,-1.037,-0.691,-1.092,-0.549,-1.039,-0.699
12542.00,-0.255,1.208,0.088,-0.983,-0.720,-1.087,-0.550,-1.024,-0.703
12565.00,-0.257,1.210,0.090,-1.011,-0.707,-1.087,-0.551,-1.020,-0.705
12588.00,-0.258,1.211,0.090,-1.012,-0.735,-1.087,-0.554,-1.016,-0.713
12611.00,-0.261,1.211,0.090,-1.066,-0.706,-1.089,-0.557,-1.025,-0.714
12634.00,-0.261,1.211,0.091,-1.025,-0.651,-1.088,-0.559,-1.023,-0.705
12656.00,-0.262,1.211,0.088,-1.012,-0.707,-1.088,-0.562,-1.020,-0.707
12679.00,-0.264,1.218,0.093,-1.037,-0.733,-1.088,-0.558,-1.022,-0.708
12702.00,-0.265,1.221,0.091,-1.038,-0.692,-1.088,-0.558,-1.024,-0.705
12725.00,-0.266,1.224,0.091,-1.011,-0.651,-1.088,-0.557,-1.021,-0.695
12748.00,-0.268,1.225,0.091,-1.124,-0.721,-1.090,-0.559,-1.040,-0.700
12771.00,-0.269,1.227,0.097,-1.092,-0.719,-1.092,-0.561,-1.051,-0.704
12794.00,-0.271,1.231,0.100,-1.107,-0.692,-1.093,-0.559,-1.064,-0.700
12817.00,-0.272,1.235,0.098,-1.121,-0.692,-1.095,-0.558,-1.077,-0.697
12840.00,-0.273,1.235,0.101,-1.122,-0.637,-1.097,-0.559,-1.090,-0.687
12863.00,-0.275,1.235,0.098,-1.148,-0.678,-1.100,-0.562,-1.105,-0.686
12886.00,-0.275,1.239,0.094,-1.023,-0.747,-1.098,-0.561,-1.093,-0.695
12908.00,-0.278,1.245,0.095,-1.094,-0.706,-1.101,-0.559,-1.098,-0.694
12931.00,-0.275,1.249,0.093,-1.054,-0.610,-1.097,-0.556,-1.089,-0.676
12954.00,-0.275,1.253,0.093,-1.094,-0.623,-1.097,-0.553,-1.092,-0.663
12977.00,-0.276,1.254,0.090,-1.107,-0.761,-1.098,-0.556,-1.098,-0.681
13000.00,-0.278,1.259,0.090,-0.997,-0.637,-1.098,-0.553,-1.081,-0.670
13023.00,-0.278,1.259,0.091,-1.093,-0.692,-1.098,-0.556,-1.084,-0.675
13046.00,-0.280,1.261,0.093,-1.051,-0.678,-1.100,-0.556,-1.080,-0.674
13069.00,-0.280,1.263,0.091,-1.079,-0.692,-1.099,-0.557,-1.080,-0.677
13092.00,-0.282,1.271,0.088,-1.064,-0.705,-1.100,-0.552,-1.077,-0.677
13115.00,-0.279,1.271,0.090,-1.163,-0.706,-1.098,-0.555,-1.091,-0.685
13138.00,-0.283,1.274,0.091,-1.011,-0.665,-1.101,-0.554,-1.080,-0.681
13160.00,-0.286,1.277,0.091,-1.040,-0.693,-1.102,-0.555,-1.074,-0.683
13183.00,-0.287,1.278,0.091,-1.038,-0.678,-1.102,-0.556,-1.067,-0.683
13206.00,-0.290,1.279,0.090,-1.079,-0.706,-1.104,-0.557,-1.070,-0.688
13229.00,-0.289,1.284,0.093,-1.010,-0.692,-1.101,-0.556,-1.056,-0.688
13252.00,-0.290,1.285,0.091,-1.038,-0.665,-1.101,-0.557,-1.051,-0.685
13275.00,-0.290,1.286,0.091,-1.064,-0.691,-1.101,-0.558,-1.051,-0.687
13298.00,-0.290,1.289,0.091,-1.093,-0.692,-1.100,-0.558,-1.056,-0.688
13321.00,-0.290,1.292,0.093,-1.053,-0.748,-1.100,-0.559,-1.054,-0.700
13344.00,-0.290,1.292,0.094,-1.135,-0.706,-1.100,-0.562,-1.068,-0.704
13367.00,-0.291,1.298,0.094,-1.106,-0.636,-1.102,-0.558,-1.076,-0.690
13389.00,-0.289,1.300,0.097,-0.969,-0.720,-1.096,-0.558,-1.054,-0.695
13412.00,-0.289,1.302,0.097,-1.080,-0.720,-1.096,-0.560,-1.057,-0.702
13435.00,-0.292,1.305,0.098,-1.078,-0.733,-1.099,-0.561,-1.063,-0.708
13458.00,-0.294,1.306,0.097,-1.067,-0.665,-1.101,-0.562,-1.065,-0.703
13481.00,-0.292,1.307,0.097,-1.177,-0.623,-1.099,-0.562,-1.084,-0.689
13504.00,-0.292,1.310,0.098,-1.080,-0.678,-1.099,-0.561,-1.084,-0.686
13527.00,-0.293,1.313,0.097,-1.039,-0.651,-1.099,-0.560,-1.078,-0.678
13550.00,-0.296,1.317,0.095,-1.040,-0.721,-1.101,-0.559,-1.073,-0.684
13573.00,-0.299,1.319,0.095,-1.025,-0.665,-1.102,-0.560,-1.066,-0.681
13596.00,-0.300,1.321,0.094,-1.064,-0.746,-1.103,-0.561,-1.065,-0.692
13619.00,-0.301,1.324,0.094,-1.066,-0.595,-1.103,-0.559,-1.065,-0.674
13641.00,-0.300,1.327,0.094,-1.011,-0.720,-1.100,-0.560,-1.053,-0.681
13664.00,-0.300,1.328,0.092,-1.066,-0.664,-1.099,-0.560,-1.053,-0.678
13687.00,-0.301,1.330,0.091,-0.996,-0.692,-1.099,-0.562,-1.042,-0.681
13710.00,-0.303,1.337,0.091,-1.110,-0.666,-1.100,-0.557,-1.053,-0.674
13733.00,-0.303,1.341,0.090,-1.095,-0.665,-1.100,-0.555,-1.060,-0.670
13756.00,-0.301,1.345,0.090,-1.109,-0.638,-1.099,-0.552,-1.067,-0.662
13779.00,-0.304,1.349,0.090,-1.036,-0.636,-1.100,-0.550,-1.064,-0.654
13802.00,-0.304,1.352,0.091,-1.038,-0.747,-1.099,-0.551,-1.058,-0.670
13825.00,-0.301,1.354,0.091,-1.149,-0.665,-1.097,-0.552,-1.073,-0.670
13848.00,-0.301,1.352,0.088,-1.094,-0.693,-1.097,-0.556,-1.077,-0.677
13871.00,-0.303,1.354,0.092,-1.066,-0.775,-1.098,-0.559,-1.077,-0.697
13893.00,-0.300,1.358,0.092,-1.068,-0.596,-1.095,-0.556,-1.074,-0.678
13916.00,-0.299,1.362,0.094,-1.079,-0.692,-1.093,-0.555,-1.075,-0.679
13939.00,-0.297,1.362,0.095,-1.081,-0.679,-1.092,-0.557,-1.075,-0.682
13962.00,-0.297,1.365,0.095,-1.036,-0.663,-1.090,-0.556,-1.069,-0.678
13985.00,-0.297,1.366,0.092,-1.009,-0.664,-1.089,-0.557,-1.057,-0.676
14008.00,-0.299,1.370,0.094,-1.010,-0.692,-1.089,-0.556,-1.048,-0.677
14031.00,-0.302,1.376,0.092,-1.079,-0.692,-1.091,-0.553,-1.055,-0.678
14054.00,-0.303,1.379,0.092,-1.094,-0.692,-1.093,-0.553,-1.063,-0.680
14077.00,-0.306,1.384,0.094,-1.092,-0.677,-1.095,-0.550,-1.070,-0.678
14100.00,-0.306,1.383,0.092,-1.093,-0.637,-1.095,-0.553,-1.075,-0.674
14123.00,-0.303,1.386,0.090,-1.051,-0.719,-1.092,-0.554,-1.068,-0.682
14145.00,-0.299,1.387,0.088,-1.037,-0.664,-1.087,-0.555,-1.059,-0.680
14168.00,-0.299,1.388,0.090,-1.052,-0.720,-1.086,-0.556,-1.057,-0.688
14191.00,-0.299,1.388,0.088,-1.095,-0.665,-1.086,-0.559,-1.064,-0.687
14214.00,-0.300,1.391,0.087,-1.080,-0.623,-1.087,-0.557,-1.068,-0.675
14237.00,-0.298,1.394,0.088,-1.121,-0.678,-1.085,-0.557,-1.076,-0.674
14260.00,-0.299,1.396,0.090,-1.065,-0.706,-1.086,-0.558,-1.077,-0.681
14283.00,-0.298,1.398,0.090,-1.079,-0.705,-1.085,-0.559,-1.077,-0.685
14306.00,-0.298,1.401,0.088,-1.038,-0.692,-1.084,-0.559,-1.070,-0.687
14329.00,-0.302,1.405,0.086,-1.094,-0.665,-1.088,-0.557,-1.079,-0.681
14352.00,-0.302,1.405,0.087,-1.039,-0.665,-1.087,-0.559,-1.072,-0.680
14375.00,-0.303,1.405,0.087,-1.080,-0.679,-1.088,-0.561,-1.074,-0.682
14397.00,-0.305,1.408,0.088,-1.065,-0.692,-1.089,-0.561,-1.074,-0.683
14420.00,-0.307,1.408,0.091,-1.107,-0.664,-1.092,-0.563,-1.083,-0.681
14443.00,-0.309,1.412,0.091,-1.025,-0.665,-1.092,-0.561,-1.073,-0.676
14466.00,-0.310,1.416,0.090,-1.107,-0.595,-1.094,-0.558,-1.080,-0.659
14489.00,-0.310,1.418,0.090,-1.041,-0.680,-1.093,-0.559,-1.073,-0.662
14512.00,-0.312,1.425,0.088,-1.025,-0.720,-1.093,-0.555,-1.064,-0.668
14535.00,-0.314,1.429,0.087,-1.079,-0.705,-1.095,-0.554,-1.068,-0.673
14558.00,-0.314,1.430,0.088,-1.053,-0.665,-1.095,-0.555,-1.064,-0.673
14581.00,-0.314,1.433,0.090,-1.079,-0.664,-1.094,-0.554,-1.065,-0.671
14604.00,-0.314,1.437,0.088,-1.067,-0.610,-1.094,-0.551,-1.064,-0.657
14627.00,-0.316,1.445,0.087,-0.985,-0.624,-1.093,-0.546,-1.049,-0.646
14649.00,-0.318,1.449,0.087,-1.178,-0.665,-1.097,-0.544,-1.074,-0.647
14672.00,-0.318,1.450,0.085,-1.026,-0.749,-1.096,-0.547,-1.064,-0.666
14695.00,-0.317,1.453,0.085,-1.064,-0.774,-1.094,-0.549,-1.062,-0.687
14718.00,-0.317,1.457,0.084,-1.078,-0.608,-1.094,-0.546,-1.064,-0.673
14741.00,-0.317,1.457,0.083,-1.026,-0.666,-1.092,-0.548,-1.056,-0.674
14764.00,-0.317,1.460,0.084,-1.025,-0.665,-1.091,-0.548,-1.049,-0.673
14787.00,-0.317,1.463,0.085,-1.174,-0.636,-1.093,-0.547,-1.071,-0.666
14810.00,-0.320,1.463,0.084,-1.024,-0.609,-1.094,-0.548,-1.065,-0.657
14833.00,-0.320,1.465,0.085,-1.149,-0.706,-1.095,-0.548,-1.081,-0.665
14856.00,-0.321,1.468,0.085,-1.012,-0.707,-1.095,-0.549,-1.069,-0.673
14879.00,-0.320,1.472,0.084,-0.970,-0.721,-1.091,-0.548,-1.049,-0.681
14901.00,-0.317,1.472,0.084,-1.108,-0.651,-1.089,-0.550,-1.056,-0.679
14924.00,-0.319,1.474,0.088,-1.051,-0.678,-1.089,-0.551,-1.055,-0.680
14947.00,-0.320,1.475,0.091,-1.081,-0.720,-1.090,-0.553,-1.061,-0.689
14970.00,-0.321,1.478,0.090,-1.052,-0.665,-1.091,-0.553,-1.060,-0.686
14993.00,-0.324,1.481,0.090,-1.067,-0.637,-1.093,-0.552,-1.063,-0.677
15016.00,-0.326,1.485,0.090,-1.149,-0.720,-1.096,-0.551,-1.080,-0.684
15039.00,-0.324,1.485,0.090,-1.025,-0.665,-1.093,-0.553,-1.069,-0.683
15062.00,-0.323,1.489,0.091,-1.068,-0.707,-1.091,-0.552,-1.067,-0.687
15085.00,-0.321,1.489,0.088,-1.080,-0.720,-1.090,-0.556,-1.069,-0.696
15108.00,-0.323,1.491,0.090,-1.067,-0.693,-1.090,-0.557,-1.069,-0.698
15130.00,-0.320,1.489,0.092,-1.066,-0.734,-1.087,-0.562,-1.067,-0.709
15153.00,-0.321,1.494,0.094,-1.011,-0.678,-1.087,-0.560,-1.057,-0.703
15176.00,-0.323,1.496,0.092,-1.078,-0.663,-1.088,-0.559,-1.061,-0.697
15199.00,-0.324,1.501,0.090,-1.064,-0.663,-1.089,-0.557,-1.063,-0.689
15222.00,-0.323,1.502,0.091,-1.054,-0.652,-1.087,-0.558,-1.059,-0.683
15245.00,-0.324,1.508,0.090,-1.106,-0.761,-1.089,-0.556,-1.069,-0.695
15268.00,-0.324,1.510,0.091,-1.094,-0.692,-1.089,-0.556,-1.074,-0.695
15291.00,-0.323,1.515,0.092,-1.011,-0.665,-1.086,-0.554,-1.061,-0.688
15314.00,-0.326,1.519,0.092,-1.081,-0.665,-1.089,-0.552,-1.067,-0.683
15337.00,-0.327,1.522,0.092,-1.080,-0.747,-1.090,-0.554,-1.070,-0.695
15360.00,-0.327,1.524,0.091,-1.164,-0.651,-1.091,-0.553,-1.089,-0.687
15382.00,-0.328,1.527,0.091,-0.968,-0.705,-1.090,-0.553,-1.068,-0.691
15405.00,-0.330,1.530,0.091,-1.081,-0.638,-1.091,-0.552,-1.071,-0.681
15428.00,-0.331,1.533,0.092,-1.064,-0.732,-1.092,-0.553,-1.071,-0.690
15451.00,-0.333,1.534,0.092,-1.039,-0.665,-1.093,-0.554,-1.065,-0.687
15474.00,-0.333,1.537,0.092,-1.039,-0.734,-1.091,-0.555,-1.059,-0.695
15497.00,-0.334,1.540,0.095,-0.996,-0.678,-1.091,-0.554,-1.047,-0.693
15520.00,-0.335,1.543,0.092,-1.106,-0.816,-1.093,-0.557,-1.057,-0.717
15543.00,-0.338,1.544,0.095,-1.037,-0.608,-1.094,-0.557,-1.054,-0.699
15566.00,-0.338,1.547,0.094,-1.121,-0.720,-1.095,-0.557,-1.065,-0.704
15589.00,-0.340,1.550,0.095,-1.094,-0.665,-1.096,-0.557,-1.072,-0.697
15612.00,-0.344,1.552,0.095,-1.107,-0.706,-1.101,-0.557,-1.082,-0.699
15634.00,-0.344,1.556,0.095,-1.109,-0.735,-1.101,-0.556,-1.087,-0.705
15657.00,-0.342,1.562,0.095,-1.066,-0.706,-1.099,-0.554,-1.083,-0.704
15680.00,-0.342,1.565,0.095,-0.996,-0.678,-1.097,-0.554,-1.067,-0.700
15703.00,-0.345,1.566,0.095,-0.971,-0.680,-1.097,-0.555,-1.049,-0.697
15726.00,-0.348,1.569,0.097,-1.106,-0.691,-1.100,-0.555,-1.060,-0.696
15749.00,-0.347,1.572,0.099,-1.067,-0.735,-1.098,-0.556,-1.059,-0.704
15772.00,-0.349,1.577,0.098,-1.010,-0.705,-1.099,-0.553,-1.050,-0.702
15795.00,-0.348,1.580,0.097,-1.081,-0.720,-1.097,-0.554,-1.053,-0.707
15818.00,-0.348,1.583,0.097,-1.052,-0.692,-1.096,-0.554,-1.051,-0.705
15841.00,-0.348,1.584,0.097,-1.025,-0.720,-1.095,-0.556,-1.044,-0.710
15864.00,-0.348,1.584,0.098,-0.982,-0.733,-1.092,-0.559,-1.030,-0.717
15886.00,-0.349,1.587,0.098,-1.038,-0.651,-1.093,-0.558,-1.030,-0.706
15909.00,-0.351,1.591,0.095,-1.051,-0.650,-1.093,-0.556,-1.032,-0.694
15932.00,-0.351,1.596,0.094,-1.011,-0.692,-1.092,-0.555,-1.025,-0.692
15955.00,-0.354,1.601,0.092,-1.121,-0.789,-1.095,-0.554,-1.043,-0.707
15978.00,-0.356,1.603,0.092,-1.078,-0.650,-1.097,-0.554,-1.051,-0.698
16001.00,-0.356,1.604,0.094,-0.999,-0.721,-1.095,-0.556,-1.040,-0.704
16024.00,-0.355,1.607,0.097,-1.106,-0.719,-1.094,-0.557,-1.050,-0.707
16047.00,-0.355,1.610,0.097,-1.038,-0.692,-1.093,-0.557,-1.048,-0.705
16070.00,-0.356,1.614,0.099,-1.066,-0.664,-1.094,-0.555,-1.052,-0.696
16093.00,-0.355,1.615,0.102,-1.038,-0.664,-1.091,-0.556,-1.048,-0.691
16116.00,-0.356,1.617,0.105,-1.025,-0.692,-1.091,-0.557,-1.044,-0.691
16138.00,-0.358,1.617,0.104,-1.119,-0.635,-1.093,-0.559,-1.058,-0.682
16161.00,-0.359,1.621,0.101,-0.982,-0.705,-1.092,-0.557,-1.045,-0.683
16184.00,-0.358,1.622,0.101,-1.094,-0.651,-1.091,-0.558,-1.053,-0.677
16207.00,-0.358,1.622,0.101,-1.093,-0.664,-1.091,-0.560,-1.060,-0.675
16230.00,-0.356,1.628,0.101,-1.092,-0.664,-1.090,-0.557,-1.066,-0.668
16253.00,-0.358,1.631,0.099,-1.065,-0.692,-1.091,-0.557,-1.068,-0.671
16276.00,-0.355,1.632,0.099,-1.066,-0.637,-1.087,-0.557,-1.066,-0.663
16299.00,-0.358,1.633,0.098,-1.107,-0.664,-1.091,-0.558,-1.078,-0.662
16322.00,-0.358,1.635,0.097,-1.025,-0.651,-1.089,-0.558,-1.069,-0.659
16345.00,-0.359,1.641,0.095,-1.011,-0.679,-1.089,-0.555,-1.060,-0.658
16368.00,-0.359,1.645,0.098,-0.997,-0.692,-1.087,-0.554,-1.047,-0.662
16390.00,-0.357,1.645,0.099,-1.066,-0.692,-1.084,-0.556,-1.047,-0.668
16413.00,-0.358,1.646,0.099,-1.052,-0.706,-1.085,-0.558,-1.048,-0.676
16436.00,-0.359,1.650,0.099,-0.984,-0.693,-1.084,-0.557,-1.036,-0.678
16459.00,-0.364,1.652,0.099,-1.068,-0.666,-1.088,-0.557,-1.044,-0.676
16482.00,-0.365,1.655,0.099,-1.039,-0.651,-1.088,-0.556,-1.043,-0.671
16505.00,-0.366,1.659,0.101,-1.039,-0.651,-1.089,-0.554,-1.042,-0.666
16528.00,-0.372,1.664,0.101,-1.011,-0.679,-1.093,-0.551,-1.039,-0.665
16551.00,-0.372,1.667,0.102,-1.162,-0.706,-1.094,-0.552,-1.061,-0.672
16574.00,-0.373,1.669,0.102,-1.080,-0.706,-1.095,-0.553,-1.066,-0.680
16597.00,-0.375,1.670,0.105,-0.982,-0.609,-1.094,-0.553,-1.051,-0.668
16620.00,-0.378,1.670,0.106,-1.095,-0.749,-1.097,-0.557,-1.061,-0.685
16642.00,-0.379,1.673,0.105,-1.107,-0.637,-1.099,-0.556,-1.070,-0.676
16665.00,-0.378,1.678,0.105,-1.011,-0.651,-1.096,-0.552,-1.058,-0.669
16688.00,-0.379,1.681,0.101,-1.189,-0.691,-1.099,-0.552,-1.084,-0.673
16711.00,-0.380,1.688,0.101,-1.093,-0.664,-1.100,-0.548,-1.088,-0.668
16734.00,-0.382,1.692,0.098,-1.067,-0.734,-1.101,-0.547,-1.087,-0.679
16757.00,-0.380,1.697,0.098,-1.149,-0.637,-1.100,-0.545,-1.099,-0.671
16780.00,-0.380,1.695,0.101,-1.136,-0.651,-1.101,-0.548,-1.108,-0.671
16803.00,-0.380,1.694,0.101,-0.997,-0.720,-1.099,-0.553,-1.089,-0.683
16826.00,-0.380,1.695,0.099,-1.066,-0.650,-1.098,-0.554,-1.086,-0.679
16849.00,-0.382,1.701,0.099,-0.940,-0.705,-1.096,-0.551,-1.059,-0.681
16872.00,-0.382,1.705,0.098,-1.106,-0.622,-1.097,-0.549,-1.066,-0.669
16894.00,-0.383,1.705,0.097,-1.220,-0.638,-1.100,-0.550,-1.096,-0.665
16917.00,-0.384,1.706,0.095,-1.095,-0.735,-1.102,-0.553,-1.098,-0.678
16940.00,-0.386,1.708,0.097,-1.038,-0.733,-1.102,-0.555,-1.089,-0.690
16963.00,-0.389,1.709,0.094,-1.067,-0.734,-1.104,-0.557,-1.087,-0.701
16986.00,-0.386,1.712,0.097,-1.080,-0.679,-1.101,-0.557,-1.083,-0.698
17009.00,-0.384,1.716,0.095,-1.080,-0.678,-1.099,-0.555,-1.081,-0.694
17032.00,-0.384,1.719,0.095,-1.052,-0.747,-1.098,-0.556,-1.075,-0.706
17055.00,-0.386,1.722,0.097,-1.052,-0.734,-1.098,-0.557,-1.071,-0.713
17078.00,-0.386,1.723,0.099,-1.067,-0.748,-1.098,-0.559,-1.069,-0.723
17101.00,-0.386,1.725,0.099,-1.051,-0.677,-1.097,-0.560,-1.065,-0.718
17123.00,-0.385,1.729,0.102,-1.026,-0.652,-1.094,-0.558,-1.055,-0.706
17146.00,-0.385,1.730,0.102,-1.067,-0.804,-1.094,-0.562,-1.055,-0.727
17169.00,-0.386,1.733,0.104,-1.052,-0.692,-1.094,-0.562,-1.054,-0.722
17192.00,-0.387,1.733,0.105,-1.106,-0.663,-1.096,-0.564,-1.063,-0.715
17215.00,-0.392,1.736,0.105,-1.051,-0.705,-1.099,-0.564,-1.063,-0.714
17238.00,-0.396,1.738,0.104,-1.038,-0.720,-1.102,-0.564,-1.060,-0.715
17261.00,-0.396,1.740,0.104,-1.095,-0.679,-1.102,-0.565,-1.065,-0.710
17284.00,-0.399,1.743,0.104,-1.092,-0.664,-1.104,-0.564,-1.072,-0.701
17307.00,-0.400,1.750,0.105,-1.079,-0.678,-1.105,-0.560,-1.074,-0.692
17330.00,-0.400,1.751,0.108,-1.053,-0.748,-1.104,-0.562,-1.069,-0.703
17353.00,-0.401,1.754,0.105,-1.080,-0.664,-1.105,-0.561,-1.071,-0.696
17375.00,-0.403,1.755,0.106,-1.107,-0.719,-1.106,-0.563,-1.079,-0.700
17398.00,-0.404,1.755,0.109,-1.050,-0.746,-1.107,-0.567,-1.074,-0.711
17421.00,-0.404,1.758,0.109,-1.164,-0.721,-1.108,-0.567,-1.091,-0.713
17444.00,-0.406,1.761,0.109,-1.038,-0.734,-1.108,-0.568,-1.083,-0.718
17467.00,-0.406,1.764,0.111,-1.052,-0.720,-1.107,-0.568,-1.077,-0.719
17490.00,-0.406,1.768,0.111,-1.052,-0.637,-1.105,-0.565,-1.071,-0.703
17513.00,-0.408,1.769,0.109,-1.025,-0.665,-1.107,-0.566,-1.064,-0.696
17536.00,-0.407,1.771,0.111,-1.064,-0.650,-1.104,-0.566,-1.061,-0.687
17559.00,-0.408,1.775,0.112,-1.078,-0.719,-1.105,-0.565,-1.064,-0.690
17582.00,-0.413,1.775,0.115,-1.105,-0.677,-1.109,-0.567,-1.074,-0.688
17605.00,-0.415,1.775,0.115,-1.052,-0.803,-1.111,-0.572,-1.071,-0.711
17627.00,-0.419,1.778,0.116,-1.066,-0.706,-1.114,-0.572,-1.072,-0.710
17650.00,-0.419,1.780,0.116,-1.010,-0.678,-1.112,-0.572,-1.059,-0.704
17673.00,-0.422,1.783,0.113,-1.064,-0.691,-1.114,-0.571,-1.060,-0.702
17696.00,-0.422,1.787,0.112,-1.038,-0.692,-1.112,-0.569,-1.054,-0.698
17719.00,-0.425,1.790,0.112,-1.051,-0.691,-1.114,-0.569,-1.053,-0.696
17742.00,-0.429,1.796,0.110,-1.106,-0.705,-1.118,-0.566,-1.064,-0.695
17765.00,-0.429,1.801,0.113,-1.149,-0.706,-1.118,-0.564,-1.079,-0.694
17788.00,-0.428,1.803,0.113,-1.011,-0.720,-1.115,-0.565,-1.064,-0.700
17811.00,-0.429,1.806,0.115,-1.134,-0.664,-1.117,-0.565,-1.078,-0.693
17834.00,-0.428,1.808,0.112,-1.024,-0.692,-1.113,-0.564,-1.066,-0.692
17857.00,-0.426,1.811,0.113,-0.970,-0.720,-1.109,-0.565,-1.045,-0.697
17879.00,-0.426,1.813,0.116,-1.039,-0.720,-1.108,-0.567,-1.041,-0.703
17902.00,-0.428,1.815,0.116,-1.107,-0.637,-1.109,-0.565,-1.053,-0.690
17925.00,-0.428,1.818,0.115,-0.956,-0.679,-1.106,-0.565,-1.032,-0.687
17948.00,-0.428,1.818,0.113,-1.065,-0.733,-1.105,-0.568,-1.035,-0.697
17971.00,-0.431,1.824,0.110,-1.177,-0.595,-1.109,-0.563,-1.063,-0.675
17994.00,-0.428,1.828,0.112,-1.108,-0.748,-1.107,-0.563,-1.069,-0.686
18017.00,-0.429,1.829,0.110,-1.093,-0.678,-1.108,-0.564,-1.076,-0.685
18040.00,-0.428,1.832,0.109,-0.997,-0.734,-1.104,-0.564,-1.060,-0.694
18063.00,-0.431,1.836,0.106,-1.009,-0.650,-1.105,-0.562,-1.052,-0.684
18086.00,-0.432,1.838,0.105,-1.024,-0.664,-1.105,-0.563,-1.047,-0.681
18109.00,-0.431,1.838,0.105,-1.109,-0.748,-1.103,-0.566,-1.056,-0.695
18131.00,-0.429,1.839,0.105,-1.065,-0.664,-1.101,-0.567,-1.056,-0.690
18154.00,-0.431,1.842,0.103,-1.080,-0.747,-1.102,-0.568,-1.061,-0.701
18177.00,-0.429,1.846,0.103,-1.038,-0.678,-1.100,-0.566,-1.056,-0.696
18200.00,-0.431,1.850,0.102,-1.093,-0.650,-1.101,-0.563,-1.064,-0.686
18223.00,-0.431,1.855,0.102,-1.010,-0.678,-1.099,-0.562,-1.054,-0.683
18246.00,-0.431,1.855,0.105,-1.095,-0.624,-1.099,-0.563,-1.061,-0.673
18269.00,-0.431,1.859,0.105,-1.051,-0.719,-1.098,-0.562,-1.059,-0.679
18292.00,-0.429,1.860,0.102,-1.080,-0.664,-1.096,-0.563,-1.062,-0.677
18315.00,-0.429,1.865,0.101,-1.093,-0.733,-1.096,-0.562,-1.068,-0.685
18338.00,-0.429,1.867,0.102,-1.064,-0.691,-1.096,-0.562,-1.068,-0.686
18361.00,-0.429,1.869,0.105,-1.094,-0.678,-1.096,-0.563,-1.074,-0.686
18383.00,-0.431,1.870,0.103,-1.096,-0.721,-1.097,-0.564,-1.080,-0.694
18406.00,-0.429,1.871,0.103,-1.080,-0.665,-1.095,-0.565,-1.080,-0.690
18429.00,-0.431,1.874,0.103,-1.066,-0.761,-1.096,-0.566,-1.080,-0.703
18452.00,-0.431,1.880,0.103,-1.079,-0.650,-1.096,-0.562,-1.081,-0.692
18475.00,-0.433,1.883,0.105,-1.041,-0.666,-1.097,-0.562,-1.077,-0.687
18498.00,-0.433,1.883,0.106,-1.078,-0.746,-1.097,-0.565,-1.077,-0.700
18521.00,-0.432,1.888,0.103,-1.039,-0.735,-1.094,-0.563,-1.069,-0.705
18544.00,-0.435,1.888,0.103,-1.051,-0.706,-1.096,-0.566,-1.068,-0.709
18567.00,-0.435,1.890,0.102,-1.024,-0.637,-1.095,-0.566,-1.059,-0.697
18590.00,-0.435,1.895,0.101,-1.023,-0.678,-1.093,-0.563,-1.050,-0.691
18613.00,-0.436,1.895,0.102,-1.037,-0.705,-1.094,-0.566,-1.047,-0.696
18635.00,-0.436,1.898,0.103,-1.039,-0.679,-1.093,-0.565,-1.044,-0.693
18658.00,-0.438,1.901,0.103,-0.983,-0.734,-1.092,-0.566,-1.031,-0.700
18681.00,-0.439,1.906,0.101,-1.053,-0.693,-1.092,-0.563,-1.033,-0.697
18704.00,-0.442,1.912,0.099,-1.052,-0.651,-1.094,-0.559,-1.036,-0.686
18727.00,-0.442,1.912,0.098,-1.094,-0.665,-1.094,-0.561,-1.045,-0.684
18750.00,-0.442,1.913,0.098,-1.026,-0.735,-1.093,-0.564,-1.040,-0.694
18773.00,-0.442,1.918,0.098,-1.077,-0.677,-1.093,-0.562,-1.045,-0.689
18796.00,-0.440,1.922,0.096,-1.038,-0.692,-1.090,-0.560,-1.042,-0.688
18819.00,-0.439,1.926,0.095,-0.953,-0.608,-1.086,-0.557,-1.022,-0.671
18842.00,-0.442,1.929,0.095,-1.023,-0.650,-1.087,-0.556,-1.022,-0.666
18865.00,-0.443,1.932,0.096,-1.064,-0.677,-1.088,-0.556,-1.029,-0.666
18887.00,-0.445,1.933,0.096,-1.136,-0.762,-1.091,-0.559,-1.049,-0.684
18910.00,-0.447,1.936,0.096,-1.068,-0.624,-1.093,-0.557,-1.055,-0.672
18933.00,-0.446,1.939,0.096,-1.037,-0.733,-1.090,-0.558,-1.050,-0.683
18956.00,-0.446,1.939,0.098,-1.053,-0.706,-1.090,-0.561,-1.051,-0.690
18979.00,-0.449,1.941,0.096,-0.996,-0.650,-1.091,-0.560,-1.042,-0.682
19002.00,-0.449,1.944,0.098,-1.066,-0.651,-1.090,-0.559,-1.046,-0.676
19025.00,-0.447,1.947,0.096,-1.093,-0.664,-1.089,-0.558,-1.053,-0.673
19048.00,-0.449,1.954,0.096,-0.997,-0.665,-1.088,-0.554,-1.044,-0.667
19071.00,-0.446,1.956,0.094,-1.094,-0.623,-1.086,-0.554,-1.051,-0.659
19094.00,-0.443,1.960,0.095,-1.121,-0.692,-1.084,-0.552,-1.062,-0.662
19116.00,-0.443,1.962,0.094,-1.025,-0.693,-1.082,-0.552,-1.056,-0.667
19139.00,-0.446,1.967,0.092,-1.119,-0.663,-1.086,-0.550,-1.072,-0.664
19162.00,-0.447,1.968,0.089,-1.123,-0.652,-1.088,-0.551,-1.084,-0.662
19185.00,-0.446,1.972,0.092,-1.025,-0.775,-1.085,-0.551,-1.074,-0.682
19208.00,-0.446,1.974,0.092,-1.095,-0.624,-1.086,-0.552,-1.080,-0.673
19231.00,-0.449,1.976,0.092,-1.051,-0.677,-1.088,-0.551,-1.078,-0.674
19254.00,-0.453,1.981,0.091,-1.121,-0.637,-1.092,-0.549,-1.091,-0.666
19277.00,-0.453,1.985,0.091,-1.095,-0.749,-1.092,-0.549,-1.094,-0.680
19300.00,-0.454,1.988,0.091,-1.065,-0.678,-1.093,-0.549,-1.091,-0.680
19323.00,-0.453,1.989,0.095,-1.132,-0.842,-1.093,-0.553,-1.099,-0.714
19346.00,-0.456,1.996,0.094,-0.888,-0.180,-1.091,-0.539,-1.062,-0.611
19368.00,-0.457,1.999,0.092,-1.077,-1.063,-1.092,-0.547,-1.065,-0.692
19391.00,-0.459,2.003,0.094,-1.156,-0.551,-1.095,-0.543,-1.082,-0.666
19414.00,-0.460,2.004,0.098,-1.082,-0.472,-1.096,-0.540,-1.084,-0.630
19437.00,-0.460,2.006,0.102,-1.151,-0.901,-1.097,-0.546,-1.097,-0.680
19460.00,-0.460,2.009,0.101,-0.966,-0.588,-1.095,-0.544,-1.073,-0.663
19483.00,-0.460,2.011,0.098,-1.014,-0.672,-1.093,-0.544,-1.060,-0.664
19506.00,-0.461,2.014,0.102,-1.103,-0.698,-1.095,-0.544,-1.068,-0.671
19529.00,-0.463,2.016,0.102,-1.039,-0.679,-1.095,-0.545,-1.062,-0.674
19552.00,-0.464,2.017,0.102,-0.999,-0.749,-1.094,-0.548,-1.049,-0.690
19575.00,-0.464,2.024,0.102,-1.009,-0.746,-1.093,-0.545,-1.039,-0.699
19598.00,-0.466,2.024,0.101,-1.024,-0.692,-1.093,-0.548,-1.034,-0.702
19620.00,-0.466,2.028,0.101,-1.082,-0.707,-1.092,-0.547,-1.040,-0.705
19643.00,-0.467,2.034,0.102,-1.118,-0.580,-1.094,-0.542,-1.053,-0.681
19666.00,-0.468,2.036,0.102,-1.067,-0.776,-1.095,-0.544,-1.056,-0.699
19689.00,-0.471,2.039,0.101,-1.063,-0.787,-1.097,-0.546,-1.059,-0.718
19712.00,-0.471,2.045,0.099,-1.039,-0.665,-1.096,-0.543,-1.054,-0.709
19735.00,-0.471,2.048,0.099,-1.050,-0.718,-1.095,-0.544,-1.052,-0.713
19758.00,-0.468,2.051,0.099,-1.110,-0.763,-1.093,-0.546,-1.060,-0.725
19781.00,-0.470,2.053,0.101,-1.079,-0.692,-1.094,-0.546,-1.064,-0.722
19804.00,-0.470,2.059,0.098,-1.025,-0.693,-1.092,-0.543,-1.057,-0.717
19827.00,-0.470,2.063,0.095,-1.106,-0.664,-1.093,-0.541,-1.066,-0.708
19850.00,-0.471,2.066,0.092,-1.103,-0.813,-1.094,-0.544,-1.074,-0.729
19872.00,-0.466,2.070,0.091,-1.210,-0.549,-1.091,-0.540,-1.097,-0.697
19895.00,-0.466,2.069,0.089,-1.381,-1.284,-1.097,-0.557,-1.155,-0.813
19918.00,-0.469,2.074,0.085,-0.794,-0.334,-1.094,-0.547,-1.095,-0.728
19941.00,-0.469,2.074,0.089,-1.296,-0.859,-1.098,-0.553,-1.135,-0.757
19964.00,-0.471,2.077,0.088,-0.927,-0.674,-1.097,-0.553,-1.102,-0.745
19987.00,-0.470,2.081,0.091,-0.830,-0.540,-1.090,-0.548,-1.049,-0.706
20010.00,-0.471,2.084,0.092,-1.137,-0.971,-1.093,-0.554,-1.064,-0.756
20033.00,-0.470,2.088,0.091,-1.049,-0.663,-1.091,-0.552,-1.058,-0.740
20056.00,-0.471,2.092,0.091,-1.066,-0.623,-1.091,-0.549,-1.059,-0.718
20079.00,-0.473,2.095,0.089,-1.155,-0.696,-1.094,-0.549,-1.077,-0.713
20102.00,-0.474,2.099,0.087,-1.063,-0.580,-1.095,-0.546,-1.075,-0.686
20124.00,-0.476,2.101,0.085,-0.969,-0.720,-1.094,-0.548,-1.055,-0.691
20147.00,-0.480,2.102,0.084,-1.064,-0.718,-1.097,-0.550,-1.058,-0.695
20170.00,-0.483,2.104,0.087,-1.081,-0.568,-1.100,-0.549,-1.063,-0.670
20193.00,-0.480,2.106,0.084,-1.049,-0.787,-1.096,-0.551,-1.056,-0.689
20216.00,-0.481,2.109,0.083,-1.066,-0.651,-1.097,-0.550,-1.057,-0.680
20239.00,-0.480,2.115,0.084,-1.081,-0.735,-1.095,-0.548,-1.059,-0.686
20262.00,-0.480,2.116,0.083,-1.106,-0.733,-1.095,-0.551,-1.067,-0.694
20285.00,-0.480,2.119,0.083,-1.067,-0.610,-1.095,-0.549,-1.066,-0.677
20308.00,-0.480,2.119,0.085,-1.079,-0.664,-1.094,-0.552,-1.068,-0.675
20331.00,-0.483,2.119,0.085,-1.027,-0.652,-1.096,-0.554,-1.062,-0.671
20354.00,-0.481,2.122,0.087,-0.843,-0.608,-1.089,-0.552,-1.018,-0.656
20376.00,-0.483,2.123,0.085,-1.119,-0.801,-1.091,-0.556,-1.034,-0.681
20399.00,-0.483,2.125,0.080,-1.064,-0.760,-1.091,-0.558,-1.037,-0.697
20422.00,-0.484,2.126,0.077,-1.075,-0.551,-1.092,-0.557,-1.043,-0.670
20445.00,-0.485,2.129,0.074,-1.023,-0.294,-1.092,-0.549,-1.039,-0.595
20468.00,-0.485,2.134,0.074,-1.034,-0.882,-1.090,-0.550,-1.036,-0.640
20491.00,-0.485,2.139,0.073,-0.876,-0.793,-1.086,-0.551,-1.003,-0.665
20514.00,-0.484,2.139,0.073,-1.169,-0.523,-1.086,-0.550,-1.030,-0.639
20537.00,-0.483,2.139,0.073,-1.097,-0.722,-1.085,-0.554,-1.040,-0.654
20560.00,-0.483,2.147,0.074,-1.088,-0.703,-1.085,-0.548,-1.049,-0.657
20583.00,-0.484,2.153,0.076,-0.984,-0.693,-1.085,-0.546,-1.038,-0.661
20606.00,-0.483,2.150,0.077,-0.960,-0.617,-1.081,-0.550,-1.021,-0.657
20628.00,-0.484,2.151,0.076,-1.112,-0.542,-1.083,-0.548,-1.037,-0.635
20651.00,-0.484,2.153,0.076,-1.047,-0.771,-1.082,-0.551,-1.039,-0.659
20674.00,-0.487,2.155,0.074,-1.153,-0.695,-1.086,-0.552,-1.063,-0.665
20697.00,-0.490,2.158,0.073,-1.101,-0.725,-1.089,-0.552,-1.074,-0.677
20720.00,-0.490,2.158,0.071,-0.956,-0.710,-1.087,-0.555,-1.053,-0.686
20743.00,-0.490,2.161,0.070,-1.019,-0.795,-1.085,-0.557,-1.046,-0.709
20766.00,-0.488,2.164,0.070,-1.124,-0.666,-1.085,-0.557,-1.060,-0.704
20789.00,-0.490,2.168,0.069,-0.963,-0.729,-1.084,-0.556,-1.043,-0.710
20812.00,-0.491,2.172,0.066,-1.096,-0.735,-1.085,-0.556,-1.053,-0.716
20835.00,-0.495,2.171,0.064,-1.110,-0.638,-1.090,-0.559,-1.068,-0.708
20857.00,-0.495,2.174,0.066,-1.141,-0.626,-1.091,-0.557,-1.083,-0.694
20880.00,-0.495,2.175,0.066,-0.958,-0.712,-1.088,-0.559,-1.061,-0.699
20903.00,-0.495,2.178,0.066,-1.157,-0.822,-1.090,-0.562,-1.079,-0.723
20926.00,-0.499,2.183,0.064,-1.009,-0.581,-1.092,-0.557,-1.071,-0.696
20949.00,-0.501,2.188,0.066,-0.938,-0.773,-1.090,-0.557,-1.046,-0.710
20972.00,-0.501,2.193,0.063,-1.167,-0.778,-1.092,-0.556,-1.068,-0.722
20995.00,-0.499,2.200,0.067,-1.056,-0.549,-1.090,-0.549,-1.064,-0.688
21018.00,-0.498,2.207,0.070,-0.925,-0.428,-1.085,-0.539,-1.036,-0.634
21041.00,-0.499,2.207,0.073,-1.098,-0.865,-1.087,-0.546,-1.047,-0.677
21064.00,-0.501,2.213,0.074,-1.153,-0.695,-1.089,-0.543,-1.067,-0.678
21087.00,-0.499,2.219,0.076,-0.980,-0.276,-1.086,-0.532,-1.050,-0.598
21109.00,-0.499,2.217,0.080,-1.082,-0.971,-1.086,-0.543,-1.055,-0.666
21132.00,-0.501,2.219,0.078,-1.095,-0.582,-1.087,-0.542,-1.063,-0.651
21155.00,-0.502,2.223,0.077,-1.105,-0.345,-1.089,-0.534,-1.073,-0.589
21178.00,-0.499,2.227,0.078,-1.153,-0.875,-1.088,-0.537,-1.087,-0.636
21201.00,-0.499,2.230,0.077,-1.147,-0.857,-1.089,-0.540,-1.101,-0.677
21224.00,-0.499,2.231,0.075,-1.000,-0.556,-1.087,-0.539,-1.084,-0.656
21247.00,-0.498,2.231,0.074,-1.065,-0.789,-1.085,-0.544,-1.081,-0.683
21270.00,-0.499,2.237,0.074,-1.038,-0.789,-1.086,-0.544,-1.075,-0.703
21293.00,-0.501,2.237,0.073,-1.132,-0.580,-1.088,-0.544,-1.087,-0.685
21316.00,-0.505,2.241,0.074,-1.134,-0.705,-1.093,-0.543,-1.101,-0.689
21339.00,-0.505,2.247,0.074,-1.093,-0.692,-1.093,-0.541,-1.102,-0.689
21361.00,-0.505,2.249,0.075,-1.134,-0.788,-1.094,-0.543,-1.109,-0.710
21384.00,-0.505,2.255,0.075,-1.096,-0.555,-1.094,-0.538,-1.109,-0.681
21407.00,-0.505,2.258,0.073,-1.121,-0.665,-1.094,-0.538,-1.113,-0.679
21430.00,-0.505,2.261,0.073,-1.051,-0.705,-1.094,-0.538,-1.103,-0.684
21453.00,-0.505,2.265,0.074,-0.984,-0.665,-1.091,-0.537,-1.081,-0.680
21476.00,-0.505,2.268,0.073,-1.065,-0.747,-1.091,-0.538,-1.077,-0.694
21499.00,-0.505,2.269,0.071,-1.079,-0.650,-1.091,-0.539,-1.076,-0.688
21522.00,-0.505,2.268,0.068,-1.107,-0.636,-1.091,-0.542,-1.081,-0.682
21545.00,-0.506,2.272,0.064,-1.120,-0.663,-1.093,-0.541,-1.089,-0.678
21568.00,-0.508,2.276,0.060,-0.842,-0.154,-1.089,-0.529,-1.042,-0.575
21591.00,-0.509,2.282,0.061,-1.192,-1.057,-1.093,-0.534,-1.068,-0.657
21613.00,-0.509,2.286,0.061,-1.085,-1.015,-1.093,-0.540,-1.070,-0.724
21636.00,-0.512,2.290,0.061,-1.024,0.137,-1.094,-0.522,-1.062,-0.563
21659.00,-0.512,2.294,0.065,-1.031,-1.393,-1.093,-0.535,-1.054,-0.712
21682.00,-0.512,2.293,0.065,-0.964,-0.826,-1.090,-0.542,-1.034,-0.742
21705.00,-0.511,2.297,0.067,-1.087,0.070,-1.089,-0.526,-1.039,-0.591
21728.00,-0.513,2.300,0.067,-1.048,-0.827,-1.091,-0.529,-1.040,-0.630
21751.00,-0.516,2.300,0.068,-1.071,-0.673,-1.093,-0.532,-1.046,-0.637
21774.00,-0.516,2.302,0.068,-1.088,-0.446,-1.093,-0.528,-1.052,-0.598
21797.00,-0.519,2.310,0.070,-0.949,-0.880,-1.093,-0.528,-1.032,-0.644
21820.00,-0.520,2.311,0.070,-1.198,-0.794,-1.096,-0.532,-1.062,-0.674
21843.00,-0.520,2.317,0.067,-1.136,-0.693,-1.097,-0.529,-1.076,-0.677
21865.00,-0.520,2.322,0.066,-0.996,-0.650,-1.095,-0.527,-1.062,-0.672
21888.00,-0.519,2.325,0.068,-1.025,-0.707,-1.092,-0.527,-1.053,-0.680
21911.00,-0.520,2.329,0.070,-0.968,-0.678,-1.091,-0.526,-1.036,-0.681
21934.00,-0.522,2.330,0.068,-1.009,-0.567,-1.091,-0.526,-1.030,-0.662
21957.00,-0.526,2.333,0.064,-1.082,-0.694,-1.095,-0.526,-1.040,-0.669
21980.00,-0.527,2.337,0.067,-1.010,-0.733,-1.094,-0.526,-1.033,-0.681
22003.00,-0.529,2.342,0.067,-1.070,-0.639,-1.095,-0.525,-1.039,-0.674
22026.00,-0.529,2.339,0.067,-1.067,-0.706,-1.095,-0.531,-1.042,-0.686
22049.00,-0.527,2.343,0.068,-0.942,-0.748,-1.090,-0.531,-1.020,-0.698
22072.00,-0.526,2.347,0.067,-1.067,-0.638,-1.088,-0.529,-1.025,-0.688
22095.00,-0.523,2.350,0.068,-1.240,-1.033,-1.089,-0.536,-1.062,-0.756
22117.00,-0.526,2.357,0.064,-0.831,-0.070,-1.086,-0.521,-1.021,-0.628
22140.00,-0.522,2.359,0.069,-1.284,-1.297,-1.086,-0.533,-1.066,-0.753
22163.00,-0.524,2.361,0.067,-0.964,-0.893,-1.086,-0.539,-1.050,-0.788
22186.00,-0.526,2.365,0.064,-1.072,-0.027,-1.087,-0.525,-1.056,-0.649
22209.00,-0.527,2.369,0.064,-0.992,-1.634,-1.087,-0.543,-1.045,-0.835
22232.00,-0.526,2.369,0.064,-0.929,-0.778,-1.082,-0.548,-1.021,-0.839
22255.00,-0.527,2.372,0.067,-1.288,0.028,-1.088,-0.533,-1.072,-0.683
22278.00,-0.527,2.375,0.066,-1.221,-1.053,-1.091,-0.541,-1.103,-0.751
22301.00,-0.527,2.375,0.067,-1.022,-0.668,-1.089,-0.543,-1.091,-0.741
22324.00,-0.529,2.379,0.069,-1.210,-0.492,-1.093,-0.538,-1.119,-0.693
22347.00,-0.530,2.382,0.071,-0.848,-0.766,-1.089,-0.540,-1.072,-0.705
22369.00,-0.527,2.382,0.071,-1.104,-0.607,-1.087,-0.541,-1.076,-0.687
22392.00,-0.529,2.385,0.073,-1.151,-0.693,-1.090,-0.542,-1.093,-0.686
22415.00,-0.527,2.388,0.070,-1.024,-0.637,-1.087,-0.541,-1.080,-0.674
22438.00,-0.527,2.396,0.067,-1.066,-0.692,-1.087,-0.536,-1.078,-0.669
22461.00,-0.529,2.397,0.069,-1.039,-0.637,-1.087,-0.536,-1.072,-0.661
22484.00,-0.529,2.400,0.069,-0.980,-0.621,-1.085,-0.535,-1.054,-0.650
22507.00,-0.532,2.406,0.067,-1.124,-0.666,-1.088,-0.532,-1.069,-0.647
22530.00,-0.532,2.409,0.069,-1.032,-0.853,-1.087,-0.536,-1.061,-0.683
22553.00,-0.533,2.409,0.067,-1.052,-0.623,-1.088,-0.538,-1.060,-0.674
22576.00,-0.533,2.410,0.066,-1.052,-0.803,-1.087,-0.542,-1.057,-0.699
22599.00,-0.536,2.414,0.064,-0.968,-0.719,-1.088,-0.541,-1.041,-0.703
22621.00,-0.539,2.417,0.067,-1.106,-0.650,-1.091,-0.541,-1.053,-0.694
22644.00,-0.539,2.420,0.066,-1.103,-0.855,-1.091,-0.544,-1.061,-0.725
22667.00,-0.536,2.421,0.067,-0.984,-0.577,-1.086,-0.544,-1.043,-0.701
22690.00,-0.540,2.424,0.067,-0.885,-0.109,-1.086,-0.532,-1.014,-0.587
22713.00,-0.539,2.424,0.064,-1.209,-1.864,-1.087,-0.559,-1.046,-0.827
22736.00,-0.540,2.425,0.066,-0.932,0.973,-1.085,-0.527,-1.024,-0.492
22759.00,-0.543,2.432,0.068,-0.999,-0.222,-1.086,-0.514,-1.018,-0.419
22782.00,-0.543,2.434,0.068,-1.133,-2.487,-1.087,-0.552,-1.037,-0.798
22805.00,-0.543,2.435,0.071,-1.102,0.949,-1.088,-0.520,-1.048,-0.474
22828.00,-0.544,2.441,0.074,-1.224,-0.825,-1.092,-0.521,-1.083,-0.523
22850.00,-0.541,2.442,0.073,-1.254,-1.867,-1.092,-0.547,-1.116,-0.772
22873.00,-0.540,2.444,0.070,-0.839,0.124,-1.086,-0.532,-1.067,-0.613
22896.00,-0.543,2.448,0.073,-0.840,-0.881,-1.084,-0.535,-1.026,-0.660
22919.00,-0.546,2.449,0.073,-1.101,-1.226,-1.087,-0.547,-1.039,-0.772
22942.00,-0.544,2.453,0.071,-1.128,-0.193,-1.086,-0.536,-1.053,-0.669
22965.00,-0.546,2.458,0.070,-1.223,-0.667,-1.090,-0.534,-1.087,-0.669
22988.00,-0.544,2.459,0.068,-1.021,-0.690,-1.088,-0.536,-1.075,-0.675
23011.00,-0.546,2.462,0.070,-0.985,-0.804,-1.087,-0.539,-1.060,-0.701
23034.00,-0.547,2.465,0.071,-1.039,-0.762,-1.087,-0.540,-1.057,-0.716
23057.00,-0.548,2.466,0.068,-1.080,-0.568,-1.089,-0.540,-1.062,-0.692
23080.00,-0.550,2.469,0.066,-1.063,-0.870,-1.090,-0.543,-1.063,-0.728
23102.00,-0.550,2.469,0.062,-1.138,-0.583,-1.090,-0.544,-1.077,-0.707
23125.00,-0.550,2.472,0.060,-1.010,-0.512,-1.089,-0.541,-1.065,-0.672
23148.00,-0.553,2.472,0.059,-1.066,-0.900,-1.091,-0.548,-1.067,-0.717
23171.00,-0.557,2.480,0.059,-0.969,-0.554,-1.093,-0.540,-1.052,-0.683
23194.00,-0.561,2.484,0.055,-1.118,-0.566,-1.097,-0.536,-1.066,-0.659
23217.00,-0.558,2.490,0.050,-1.072,-0.877,-1.094,-0.538,-1.064,-0.697
23240.00,-0.561,2.494,0.050,-0.884,-0.152,-1.093,-0.526,-1.031,-0.592
23263.00,-0.563,2.500,0.050,-1.218,-1.344,-1.097,-0.537,-1.065,-0.728
23286.00,-0.563,2.500,0.046,-1.185,-0.207,-1.098,-0.530,-1.087,-0.635
23309.00,-0.563,2.503,0.045,-0.984,-0.028,-1.096,-0.517,-1.069,-0.514
23332.00,-0.560,2.504,0.045,-1.034,-1.364,-1.092,-0.533,-1.060,-0.666
23354.00,-0.562,2.508,0.041,-1.032,0.042,-1.094,-0.517,-1.056,-0.530
23377.00,-0.564,2.514,0.045,-1.154,-0.398,-1.096,-0.509,-1.074,-0.492
23400.00,-0.564,2.515,0.045,-1.129,-1.324,-1.097,-0.524,-1.085,-0.641
23423.00,-0.564,2.519,0.044,-0.945,-0.292,-1.094,-0.516,-1.059,-0.574
23446.00,-0.564,2.522,0.041,-0.910,-0.607,-1.090,-0.515,-1.029,-0.576
23469.00,-0.565,2.522,0.042,-1.238,-0.987,-1.094,-0.524,-1.067,-0.653
23492.00,-0.564,2.526,0.042,-1.157,-0.413,-1.094,-0.518,-1.084,-0.609
23515.00,-0.564,2.528,0.042,-1.222,-0.736,-1.097,-0.521,-1.112,-0.634
23538.00,-0.565,2.529,0.042,-1.010,-0.719,-1.096,-0.523,-1.097,-0.652
23561.00,-0.565,2.532,0.044,-0.969,-0.665,-1.094,-0.523,-1.074,-0.657
23584.00,-0.564,2.535,0.044,-1.010,-0.747,-1.091,-0.525,-1.060,-0.677
23606.00,-0.564,2.536,0.042,-1.096,-0.611,-1.091,-0.526,-1.066,-0.669
23629.00,-0.564,2.537,0.045,-1.118,-0.773,-1.092,-0.529,-1.076,-0.693
23652.00,-0.565,2.539,0.044,-1.041,-0.652,-1.092,-0.530,-1.070,-0.691
23675.00,-0.567,2.542,0.048,-1.009,-0.608,-1.092,-0.529,-1.059,-0.679
23698.00,-0.567,2.547,0.048,-1.175,-0.788,-1.093,-0.529,-1.080,-0.700
23721.00,-0.568,2.550,0.046,-1.218,-0.637,-1.097,-0.528,-1.109,-0.692
23744.00,-0.569,2.550,0.046,-1.067,-0.527,-1.098,-0.528,-1.104,-0.665
23767.00,-0.569,2.550,0.048,-1.051,-0.775,-1.097,-0.533,-1.096,-0.688
23790.00,-0.571,2.553,0.046,-1.077,-0.677,-1.098,-0.533,-1.095,-0.688
23813.00,-0.572,2.553,0.048,-1.094,-0.706,-1.099,-0.537,-1.096,-0.695
23836.00,-0.575,2.557,0.046,-1.065,-0.733,-1.101,-0.536,-1.093,-0.703
23858.00,-0.575,2.560,0.045,-1.078,-0.622,-1.101,-0.536,-1.090,-0.690
23881.00,-0.575,2.561,0.047,-1.081,-0.776,-1.100,-0.539,-1.089,-0.709
23904.00,-0.578,2.564,0.047,-0.982,-0.692,-1.101,-0.539,-1.070,-0.708
23927.00,-0.578,2.570,0.047,-1.079,-0.706,-1.100,-0.537,-1.070,-0.707
23950.00,-0.582,2.571,0.047,-1.080,-0.803,-1.104,-0.541,-1.073,-0.729
23973.00,-0.583,2.574,0.047,-1.079,-0.609,-1.105,-0.540,-1.074,-0.709
23996.00,-0.582,2.578,0.047,-1.093,-0.733,-1.103,-0.539,-1.075,-0.715
24019.00,-0.583,2.581,0.047,-1.163,-0.692,-1.106,-0.540,-1.092,-0.712
24042.00,-0.586,2.585,0.047,-1.008,-0.608,-1.107,-0.537,-1.078,-0.692
24065.00,-0.586,2.586,0.044,-1.093,-0.789,-1.107,-0.541,-1.080,-0.712
24088.00,-0.583,2.591,0.042,-1.024,-0.678,-1.102,-0.539,-1.066,-0.706
24110.00,-0.583,2.593,0.038,-0.985,-0.693,-1.100,-0.540,-1.048,-0.704
24133.00,-0.586,2.595,0.038,-1.051,-0.664,-1.102,-0.541,-1.048,-0.698
24156.00,-0.588,2.597,0.038,-1.080,-0.720,-1.103,-0.542,-1.052,-0.702
24179.00,-0.589,2.599,0.038,-1.052,-0.706,-1.103,-0.544,-1.051,-0.704
24202.00,-0.590,2.600,0.034,-1.054,-0.694,-1.103,-0.545,-1.050,-0.704
24225.00,-0.590,2.604,0.033,-1.025,-0.679,-1.102,-0.544,-1.043,-0.698
24248.00,-0.589,2.609,0.033,-1.050,-0.677,-1.099,-0.542,-1.041,-0.692
24271.00,-0.589,2.610,0.033,-1.094,-0.692,-1.099,-0.544,-1.048,-0.693
24294.00,-0.593,2.613,0.028,-1.134,-0.650,-1.104,-0.543,-1.067,-0.684
24317.00,-0.593,2.619,0.030,-1.108,-0.623,-1.104,-0.539,-1.075,-0.669
24340.00,-0.595,2.623,0.030,-1.065,-0.747,-1.105,-0.539,-1.074,-0.681
24362.00,-0.600,2.625,0.027,-1.024,-0.692,-1.108,-0.540,-1.069,-0.682
24385.00,-0.601,2.627,0.030,-1.121,-0.595,-1.110,-0.540,-1.080,-0.666
24408.00,-0.601,2.631,0.030,-1.106,-0.691,-1.110,-0.538,-1.085,-0.667
24431.00,-0.601,2.635,0.030,-1.025,-0.665,-1.108,-0.537,-1.074,-0.664
24454.00,-0.606,2.639,0.031,-1.052,-0.665,-1.111,-0.535,-1.073,-0.661
24477.00,-0.606,2.641,0.029,-1.133,-0.677,-1.112,-0.537,-1.084,-0.664
24500.00,-0.607,2.644,0.029,-1.133,-0.746,-1.113,-0.538,-1.095,-0.679
24523.00,-0.607,2.649,0.027,-1.024,-0.623,-1.112,-0.534,-1.082,-0.666
24546.00,-0.607,2.652,0.026,-1.025,-0.693,-1.110,-0.535,-1.071,-0.670
24569.00,-0.608,2.655,0.024,-1.135,-0.665,-1.112,-0.535,-1.083,-0.669
24592.00,-0.610,2.656,0.022,-1.066,-0.651,-1.112,-0.536,-1.081,-0.666
24614.00,-0.609,2.660,0.022,-1.121,-0.733,-1.111,-0.536,-1.087,-0.677
24637.00,-0.609,2.660,0.020,-1.053,-0.720,-1.110,-0.539,-1.081,-0.688
24660.00,-0.610,2.665,0.023,-1.064,-0.650,-1.110,-0.537,-1.078,-0.681
24683.00,-0.607,2.669,0.024,-1.081,-0.776,-1.107,-0.538,-1.076,-0.698
24706.00,-0.607,2.670,0.026,-1.063,-0.663,-1.106,-0.539,-1.073,-0.695
24729.00,-0.606,2.674,0.024,-1.177,-0.692,-1.106,-0.538,-1.092,-0.694
24752.00,-0.607,2.681,0.024,-1.122,-0.665,-1.108,-0.534,-1.100,-0.687
24775.00,-0.606,2.683,0.027,-1.011,-0.693,-1.105,-0.535,-1.083,-0.690
24798.00,-0.607,2.686,0.027,-1.121,-0.747,-1.106,-0.537,-1.091,-0.702
24821.00,-0.610,2.687,0.029,-1.053,-0.735,-1.108,-0.540,-1.087,-0.711
24843.00,-0.610,2.692,0.027,-1.079,-0.747,-1.107,-0.538,-1.085,-0.718
24866.00,-0.609,2.695,0.029,-1.081,-0.748,-1.105,-0.540,-1.083,-0.727
24889.00,-0.609,2.697,0.030,-0.998,-0.707,-1.103,-0.542,-1.067,-0.728
24912.00,-0.610,2.702,0.030,-1.093,-0.678,-1.105,-0.539,-1.071,-0.719
24935.00,-0.610,2.704,0.029,-1.053,-0.693,-1.103,-0.541,-1.067,-0.717
24958.00,-0.611,2.706,0.029,-1.108,-0.692,-1.105,-0.541,-1.074,-0.714
24981.00,-0.610,2.709,0.027,-1.081,-0.638,-1.103,-0.540,-1.074,-0.700
25004.00,-0.610,2.712,0.024,-0.982,-0.761,-1.101,-0.542,-1.055,-0.712
25027.00,-0.611,2.715,0.026,-1.023,-0.691,-1.100,-0.542,-1.048,-0.709
25050.00,-0.613,2.719,0.024,-1.037,-0.719,-1.101,-0.542,-1.044,-0.710
25073.00,-0.613,2.719,0.026,-1.191,-0.596,-1.102,-0.543,-1.070,-0.691
25095.00,-0.614,2.720,0.026,-0.997,-0.720,-1.102,-0.545,-1.057,-0.697
25118.00,-0.617,2.722,0.024,-1.106,-0.746,-1.104,-0.548,-1.067,-0.707
25141.00,-0.614,2.723,0.026,-0.997,-0.692,-1.100,-0.549,-1.051,-0.705
25164.00,-0.614,2.727,0.027,-1.092,-0.691,-1.099,-0.548,-1.057,-0.701
25187.00,-0.615,2.732,0.029,-1.081,-0.693,-1.100,-0.547,-1.061,-0.698
25210.00,-0.614,2.732,0.029,-1.092,-0.691,-1.099,-0.549,-1.066,-0.698
25233.00,-0.615,2.737,0.027,-1.095,-0.651,-1.100,-0.546,-1.072,-0.686
25256.00,-0.617,2.736,0.029,-1.052,-0.706,-1.101,-0.551,-1.070,-0.692
25279.00,-0.617,2.740,0.027,-1.134,-0.705,-1.101,-0.549,-1.082,-0.693
25302.00,-0.615,2.743,0.027,-1.109,-0.693,-1.100,-0.550,-1.087,-0.692
25325.00,-0.617,2.743,0.030,-1.107,-0.664,-1.102,-0.552,-1.094,-0.688
25347.00,-0.617,2.746,0.031,-0.984,-0.749,-1.099,-0.553,-1.074,-0.698
25370.00,-0.618,2.748,0.034,-0.996,-0.719,-1.098,-0.554,-1.060,-0.702
25393.00,-0.621,2.750,0.034,-1.014,-0.528,-1.100,-0.552,-1.052,-0.670
25416.00,-0.625,2.754,0.034,-1.172,-0.841,-1.105,-0.554,-1.077,-0.699
25439.00,-0.625,2.757,0.031,-1.084,-0.889,-1.105,-0.558,-1.078,-0.736
25462.00,-0.627,2.758,0.030,-1.101,-0.372,-1.106,-0.552,-1.083,-0.670
25485.00,-0.628,2.762,0.031,-0.999,-0.999,-1.105,-0.557,-1.068,-0.730
25508.00,-0.628,2.765,0.033,-1.119,-0.732,-1.106,-0.558,-1.077,-0.733
25531.00,-0.628,2.774,0.036,-1.038,-0.443,-1.104,-0.547,-1.069,-0.675
25554.00,-0.631,2.778,0.036,-1.151,-0.901,-1.108,-0.550,-1.086,-0.715
25577.00,-0.631,2.778,0.037,-1.108,-0.665,-1.108,-0.553,-1.091,-0.710
25599.00,-0.631,2.779,0.042,-1.010,-0.540,-1.106,-0.551,-1.076,-0.679
25622.00,-0.632,2.782,0.042,-0.915,-0.818,-1.103,-0.554,-1.046,-0.704
25645.00,-0.631,2.785,0.041,-1.052,-0.651,-1.101,-0.553,-1.042,-0.694
25668.00,-0.628,2.785,0.042,-1.039,-0.748,-1.097,-0.557,-1.036,-0.706
25691.00,-0.627,2.788,0.044,-1.053,-0.706,-1.095,-0.557,-1.035,-0.706
25714.00,-0.627,2.793,0.042,-1.078,-0.719,-1.094,-0.555,-1.041,-0.707
25737.00,-0.628,2.795,0.042,-0.984,-0.707,-1.094,-0.556,-1.029,-0.708
25760.00,-0.628,2.802,0.042,-1.148,-0.678,-1.095,-0.552,-1.049,-0.700
25783.00,-0.628,2.804,0.045,-1.012,-0.666,-1.093,-0.551,-1.041,-0.693
25806.00,-0.628,2.806,0.045,-1.121,-0.747,-1.094,-0.554,-1.055,-0.704
25829.00,-0.628,2.807,0.044,-1.081,-0.651,-1.093,-0.555,-1.060,-0.695
25851.00,-0.629,2.811,0.045,-1.092,-0.733,-1.095,-0.554,-1.068,-0.701
25874.00,-0.629,2.814,0.045,-1.204,-0.706,-1.097,-0.554,-1.095,-0.702
25897.00,-0.629,2.815,0.047,-1.093,-0.650,-1.097,-0.555,-1.098,-0.693
25920.00,-0.632,2.818,0.044,-1.079,-0.706,-1.099,-0.555,-1.099,-0.695
25943.00,-0.635,2.821,0.042,-1.110,-0.694,-1.102,-0.555,-1.106,-0.694
25966.00,-0.636,2.824,0.042,-1.108,-0.748,-1.104,-0.556,-1.110,-0.704
25989.00,-0.635,2.824,0.041,-1.093,-0.734,-1.102,-0.560,-1.109,-0.713
26012.00,-0.636,2.827,0.042,-0.969,-0.678,-1.101,-0.560,-1.085,-0.707
26035.00,-0.635,2.830,0.042,-1.121,-0.665,-1.100,-0.559,-1.091,-0.699
26058.00,-0.635,2.834,0.044,-1.108,-0.637,-1.100,-0.556,-1.095,-0.685
26081.00,-0.632,2.835,0.045,-1.079,-0.678,-1.097,-0.557,-1.090,-0.684
26103.00,-0.631,2.836,0.044,-1.011,-0.748,-1.094,-0.560,-1.074,-0.696
26126.00,-0.631,2.835,0.044,-1.106,-0.650,-1.094,-0.563,-1.080,-0.690
26149.00,-0.632,2.841,0.045,-1.012,-0.596,-1.094,-0.558,-1.068,-0.668
26172.00,-0.634,2.844,0.045,-1.080,-0.872,-1.095,-0.562,-1.070,-0.705
26195.00,-0.634,2.841,0.044,-1.054,-0.541,-1.094,-0.564,-1.066,-0.678
26218.00,-0.634,2.848,0.044,-1.062,-0.552,-1.093,-0.557,-1.064,-0.648
26241.00,-0.635,2.851,0.041,-1.095,-0.845,-1.095,-0.560,-1.069,-0.682
26264.00,-0.630,2.855,0.044,-1.051,-0.581,-1.088,-0.556,-1.060,-0.661
26287.00,-0.631,2.859,0.045,-1.036,-0.718,-1.089,-0.555,-1.056,-0.668
26310.00,-0.630,2.859,0.047,-1.123,-0.887,-1.088,-0.562,-1.066,-0.711
26333.00,-0.631,2.859,0.047,-1.161,-0.622,-1.091,-0.563,-1.085,-0.699
26355.00,-0.631,2.862,0.045,-1.108,-0.748,-1.091,-0.564,-1.091,-0.709
26378.00,-0.631,2.867,0.044,-1.037,-0.788,-1.090,-0.563,-1.082,-0.723
26401.00,-0.630,2.867,0.045,-1.052,-0.540,-1.088,-0.563,-1.076,-0.693
26424.00,-0.630,2.870,0.049,-1.082,-0.791,-1.088,-0.565,-1.077,-0.711
26447.00,-0.628,2.873,0.049,-1.026,-0.693,-1.085,-0.564,-1.067,-0.709
26470.00,-0.628,2.877,0.049,-1.050,-0.718,-1.085,-0.563,-1.063,-0.711
26493.00,-0.630,2.878,0.054,-1.053,-0.721,-1.085,-0.565,-1.061,-0.715
26516.00,-0.631,2.881,0.059,-1.036,-0.732,-1.086,-0.566,-1.057,-0.719
26539.00,-0.631,2.881,0.059,-1.081,-0.721,-1.086,-0.569,-1.060,-0.723
26562.00,-0.632,2.885,0.058,-1.053,-0.706,-1.086,-0.567,-1.059,-0.720
26584.00,-0.634,2.890,0.058,-1.108,-0.679,-1.088,-0.566,-1.068,-0.712
26607.00,-0.635,2.891,0.054,-1.040,-0.693,-1.089,-0.567,-1.064,-0.710
26630.00,-0.632,2.891,0.055,-1.067,-0.679,-1.085,-0.569,-1.061,-0.707
26653.00,-0.634,2.892,0.054,-1.095,-0.693,-1.087,-0.570,-1.068,-0.705
26676.00,-0.635,2.894,0.051,-1.054,-0.680,-1.088,-0.571,-1.067,-0.700
26699.00,-0.636,2.895,0.048,-1.094,-0.637,-1.089,-0.571,-1.073,-0.688
26722.00,-0.635,2.898,0.052,-1.037,-0.719,-1.087,-0.571,-1.065,-0.692
26745.00,-0.634,2.897,0.054,-1.121,-0.706,-1.086,-0.575,-1.074,-0.697
26768.00,-0.639,2.898,0.055,-1.037,-0.705,-1.091,-0.577,-1.072,-0.698
26791.00,-0.641,2.901,0.052,-1.024,-0.706,-1.091,-0.576,-1.064,-0.698
26814.00,-0.642,2.906,0.049,-1.120,-0.705,-1.093,-0.573,-1.075,-0.696
26836.00,-0.643,2.909,0.051,-1.123,-0.735,-1.094,-0.574,-1.085,-0.703
26859.00,-0.645,2.912,0.049,-1.037,-0.678,-1.095,-0.573,-1.077,-0.698
26882.00,-0.646,2.912,0.052,-1.094,-0.693,-1.096,-0.576,-1.082,-0.698
26905.00,-0.646,2.915,0.052,-0.983,-0.748,-1.094,-0.576,-1.063,-0.707
26928.00,-0.645,2.917,0.049,-1.055,-0.625,-1.092,-0.575,-1.059,-0.691
26951.00,-0.642,2.919,0.049,-1.120,-0.650,-1.089,-0.575,-1.067,-0.683
26974.00,-0.643,2.919,0.054,-1.135,-0.748,-1.092,-0.578,-1.081,-0.696
26997.00,-0.645,2.919,0.055,-0.997,-0.748,-1.091,-0.582,-1.066,-0.707
27020.00,-0.648,2.920,0.052,-1.107,-0.636,-1.094,-0.581,-1.075,-0.695
27043.00,-0.649,2.923,0.052,-1.039,-0.734,-1.095,-0.582,-1.069,-0.701
27066.00,-0.649,2.924,0.052,-1.108,-0.734,-1.095,-0.583,-1.076,-0.708
27088.00,-0.649,2.926,0.051,-0.982,-0.595,-1.093,-0.582,-1.058,-0.687
27111.00,-0.656,2.930,0.049,-1.092,-0.691,-1.099,-0.580,-1.068,-0.685
27134.00,-0.657,2.933,0.049,-1.080,-0.665,-1.100,-0.579,-1.071,-0.679
27157.00,-0.657,2.934,0.048,-1.052,-0.706,-1.099,-0.580,-1.066,-0.683
27180.00,-0.659,2.934,0.047,-1.094,-0.706,-1.101,-0.583,-1.071,-0.688
27203.00,-0.662,2.936,0.048,-1.051,-0.650,-1.103,-0.583,-1.069,-0.681
27226.00,-0.663,2.938,0.047,-1.023,-0.815,-1.102,-0.585,-1.060,-0.705
27249.00,-0.663,2.944,0.045,-1.065,-0.678,-1.102,-0.581,-1.059,-0.698
27272.00,-0.664,2.951,0.045,-1.093,-0.650,-1.103,-0.576,-1.065,-0.685
27295.00,-0.664,2.953,0.048,-1.053,-0.665,-1.102,-0.576,-1.061,-0.682
27318.00,-0.667,2.955,0.047,-1.080,-0.665,-1.104,-0.575,-1.066,-0.677
27340.00,-0.667,2.955,0.048,-1.095,-0.637,-1.104,-0.576,-1.070,-0.670
27363.00,-0.669,2.958,0.048,-1.010,-0.761,-1.103,-0.577,-1.059,-0.686
27386.00,-0.666,2.961,0.048,-1.025,-0.734,-1.099,-0.578,-1.049,-0.695
27409.00,-0.669,2.965,0.049,-1.039,-0.706,-1.101,-0.576,-1.047,-0.696
27432.00,-0.669,2.964,0.051,-0.915,-0.707,-1.097,-0.580,-1.019,-0.702
27455.00,-0.670,2.965,0.049,-1.009,-0.663,-1.096,-0.580,-1.014,-0.696
27478.00,-0.670,2.971,0.049,-1.012,-0.721,-1.095,-0.578,-1.009,-0.699
27501.00,-0.670,2.974,0.049,-0.936,-0.307,-1.092,-0.570,-0.990,-0.623
27524.00,-0.672,2.976,0.049,-1.388,-1.360,-1.099,-0.583,-1.063,-0.760
27547.00,-0.672,2.975,0.045,-1.125,-0.971,-1.099,-0.592,-1.076,-0.810
27570.00,-0.674,2.976,0.047,-1.015,0.288,-1.101,-0.573,-1.069,-0.608
27592.00,-0.673,2.980,0.049,-0.874,-1.624,-1.095,-0.590,-1.031,-0.794
27615.00,-0.673,2.983,0.052,-1.056,-0.778,-1.094,-0.591,-1.034,-0.798
27638.00,-0.676,2.985,0.053,-1.154,0.316,-1.098,-0.571,-1.058,-0.593
27661.00,-0.676,2.986,0.055,-1.449,-1.226,-1.105,-0.583,-1.134,-0.705
27684.00,-0.674,2.986,0.051,-0.961,-0.508,-1.101,-0.582,-1.106,-0.669
27707.00,-0.677,2.987,0.049,-0.755,-0.168,-1.096,-0.572,-1.044,-0.570
27730.00,-0.679,2.992,0.051,-0.729,-1.114,-1.090,-0.579,-0.981,-0.662
27753.00,-0.679,2.993,0.053,-1.087,-0.766,-1.090,-0.581,-0.995,-0.681
27776.00,-0.680,2.997,0.052,-1.263,-0.583,-1.095,-0.577,-1.042,-0.660
27799.00,-0.683,3.001,0.051,-1.215,-0.967,-1.100,-0.581,-1.077,-0.716
27822.00,-0.681,3.000,0.053,-1.096,-0.569,-1.099,-0.582,-1.082,-0.693
27844.00,-0.680,3.007,0.053,-0.870,-0.760,-1.093,-0.579,-1.042,-0.703
27867.00,-0.680,3.010,0.055,-1.000,-0.723,-1.091,-0.579,-1.033,-0.708
27890.00,-0.681,3.010,0.055,-1.117,-0.593,-1.093,-0.579,-1.048,-0.690
27913.00,-0.683,3.012,0.053,-1.179,-0.763,-1.096,-0.580,-1.074,-0.704
27936.00,-0.684,3.017,0.052,-1.166,-0.666,-1.099,-0.578,-1.095,-0.696
27959.00,-0.687,3.021,0.053,-0.994,-0.690,-1.100,-0.576,-1.080,-0.694
27982.00,-0.688,3.025,0.049,-0.986,-0.750,-1.099,-0.575,-1.064,-0.704
28005.00,-0.687,3.029,0.051,-0.994,-0.608,-1.095,-0.572,-1.049,-0.685
28028.00,-0.687,3.031,0.055,-1.150,-0.749,-1.096,-0.574,-1.068,-0.698
28051.00,-0.686,3.035,0.056,-1.202,-0.774,-1.097,-0.574,-1.093,-0.712
28074.00,-0.684,3.035,0.058,-1.164,-0.652,-1.097,-0.575,-1.108,-0.705
28096.00,-0.683,3.040,0.059,-0.927,-0.678,-1.092,-0.572,-1.075,-0.698
28119.00,-0.683,3.043,0.059,-0.857,-0.719,-1.088,-0.572,-1.034,-0.702
28142.00,-0.684,3.047,0.060,-0.930,-0.638,-1.086,-0.569,-1.012,-0.690
28165.00,-0.686,3.051,0.060,-1.146,-0.676,-1.088,-0.567,-1.034,-0.685
28188.00,-0.687,3.057,0.062,-1.261,-0.693,-1.093,-0.564,-1.077,-0.684
28211.00,-0.689,3.065,0.062,-0.968,-0.622,-1.092,-0.557,-1.058,-0.667
28234.00,-0.691,3.068,0.063,-0.860,-0.624,-1.090,-0.556,-1.022,-0.658
28257.00,-0.689,3.068,0.065,-0.899,-0.774,-1.084,-0.560,-0.992,-0.680
28280.00,-0.687,3.070,0.066,-0.983,-0.720,-1.080,-0.562,-0.983,-0.689
28303.00,-0.687,3.071,0.072,-1.218,-0.595,-1.083,-0.561,-1.023,-0.673
28326.00,-0.690,3.075,0.070,-1.163,-0.720,-1.087,-0.560,-1.051,-0.680
28348.00,-0.689,3.074,0.069,-0.970,-0.762,-1.084,-0.566,-1.035,-0.698
28371.00,-0.690,3.077,0.070,-0.859,-0.651,-1.081,-0.565,-1.001,-0.691
28394.00,-0.690,3.081,0.073,-0.985,-0.666,-1.079,-0.563,-0.994,-0.685
28417.00,-0.691,3.084,0.072,-1.149,-0.761,-1.081,-0.564,-1.022,-0.700
28440.00,-0.693,3.087,0.072,-1.148,-0.705,-1.084,-0.564,-1.046,-0.702
28463.00,-0.696,3.088,0.070,-1.108,-0.706,-1.087,-0.565,-1.061,-0.705
28486.00,-0.696,3.092,0.068,-0.913,-0.720,-1.084,-0.564,-1.034,-0.708
28509.00,-0.694,3.095,0.069,-0.997,-0.637,-1.081,-0.563,-1.025,-0.696
28532.00,-0.694,3.098,0.070,-1.093,-0.692,-1.081,-0.563,-1.037,-0.695
28555.00,-0.694,3.099,0.070,-1.233,-0.693,-1.084,-0.564,-1.075,-0.696
28577.00,-0.694,3.101,0.068,-1.148,-0.788,-1.085,-0.567,-1.092,-0.715
28600.00,-0.694,3.102,0.066,-0.943,-0.679,-1.082,-0.568,-1.068,-0.711
28623.00,-0.694,3.110,0.068,-1.038,-0.637,-1.082,-0.561,-1.064,-0.693
28646.00,-0.697,3.113,0.068,-1.136,-0.706,-1.085,-0.561,-1.081,-0.695
28669.00,-0.697,3.115,0.068,-1.204,-0.692,-1.088,-0.563,-1.107,-0.696
28692.00,-0.698,3.115,0.069,-1.054,-0.763,-1.088,-0.567,-1.102,-0.711
28715.00,-0.700,3.116,0.065,-1.052,-0.637,-1.089,-0.567,-1.097,-0.699
28738.00,-0.698,3.117,0.063,-0.999,-0.596,-1.086,-0.566,-1.079,-0.680
28761.00,-0.700,3.119,0.065,-1.037,-0.719,-1.086,-0.568,-1.073,-0.687
28784.00,-0.697,3.119,0.063,-1.067,-0.665,-1.083,-0.570,-1.070,-0.684
28807.00,-0.697,3.123,0.062,-1.136,-0.693,-1.084,-0.568,-1.082,-0.683
28829.00,-0.698,3.124,0.063,-1.109,-0.693,-1.086,-0.569,-1.090,-0.684
28852.00,-0.698,3.126,0.063,-1.134,-0.692,-1.087,-0.570,-1.100,-0.686
28875.00,-0.698,3.127,0.063,-0.926,-0.664,-1.084,-0.571,-1.068,-0.681
28898.00,-0.698,3.129,0.061,-1.065,-0.650,-1.083,-0.571,-1.067,-0.675
28921.00,-0.698,3.130,0.059,-1.039,-0.665,-1.083,-0.571,-1.061,-0.672
28944.00,-0.698,3.136,0.062,-1.053,-0.720,-1.082,-0.569,-1.058,-0.677
28967.00,-0.698,3.137,0.065,-1.053,-0.665,-1.081,-0.569,-1.056,-0.675
28990.00,-0.701,3.141,0.063,-1.136,-0.637,-1.085,-0.567,-1.072,-0.665
29013.00,-0.703,3.145,0.063,-0.983,-0.692,-1.085,-0.565,-1.056,-0.667
29036.00,-0.704,3.148,0.063,-1.037,-0.608,-1.085,-0.563,-1.052,-0.654
29059.00,-0.704,3.152,0.062,-1.107,-0.733,-1.085,-0.562,-1.061,-0.666
29081.00,-0.709,3.154,0.061,-1.093,-0.664,-1.091,-0.563,-1.070,-0.666
29104.00,-0.711,3.155,0.062,-1.066,-0.706,-1.092,-0.565,-1.070,-0.673
29127.00,-0.712,3.158,0.061,-0.913,-0.664,-1.090,-0.564,-1.040,-0.671
29150.00,-0.711,3.158,0.059,-1.121,-0.623,-1.089,-0.565,-1.052,-0.664
29173.00,-0.714,3.161,0.061,-1.134,-0.692,-1.092,-0.565,-1.068,-0.668
29196.00,-0.716,3.166,0.062,-1.106,-0.705,-1.095,-0.562,-1.077,-0.672
29219.00,-0.718,3.168,0.063,-1.038,-0.692,-1.096,-0.563,-1.071,-0.676
29242.00,-0.716,3.173,0.063,-0.969,-0.692,-1.092,-0.560,-1.050,-0.677
29265.00,-0.716,3.176,0.062,-1.080,-0.734,-1.092,-0.561,-1.053,-0.689
29288.00,-0.718,3.179,0.061,-1.079,-0.636,-1.093,-0.560,-1.058,-0.680
29311.00,-0.719,3.182,0.059,-1.123,-0.693,-1.095,-0.560,-1.071,-0.683
29333.00,-0.719,3.186,0.059,-1.134,-0.664,-1.095,-0.558,-1.083,-0.679
29356.00,-0.722,3.187,0.058,-0.999,-0.638,-1.096,-0.558,-1.070,-0.672
29379.00,-0.721,3.187,0.059,-1.065,-0.719,-1.094,-0.561,-1.067,-0.683
29402.00,-0.721,3.189,0.062,-1.091,-0.649,-1.094,-0.562,-1.071,-0.678
29425.00,-0.721,3.193,0.063,-1.078,-0.677,-1.094,-0.560,-1.072,-0.677
29448.00,-0.718,3.197,0.063,-1.065,-0.622,-1.091,-0.557,-1.069,-0.665
29471.00,-0.718,3.201,0.063,-1.094,-0.706,-1.091,-0.556,-1.074,-0.671
29494.00,-0.718,3.203,0.063,-1.052,-0.720,-1.090,-0.558,-1.070,-0.681
29517.00,-0.719,3.206,0.062,-0.943,-0.721,-1.088,-0.558,-1.046,-0.689
29540.00,-0.725,3.211,0.062,-1.037,-0.663,-1.093,-0.555,-1.047,-0.683
29563.00,-0.726,3.217,0.062,-1.137,-0.721,-1.095,-0.553,-1.063,-0.689
29585.00,-0.728,3.221,0.063,-0.969,-0.581,-1.094,-0.549,-1.045,-0.668
29608.00,-0.728,3.225,0.065,-1.025,-0.637,-1.092,-0.547,-1.039,-0.661
29631.00,-0.729,3.231,0.066,-1.066,-0.706,-1.093,-0.545,-1.043,-0.666
29654.00,-0.729,3.233,0.068,-1.135,-0.733,-1.094,-0.546,-1.058,-0.679
29677.00,-0.729,3.235,0.068,-1.135,-0.678,-1.095,-0.547,-1.073,-0.681
29700.00,-0.729,3.236,0.066,-1.052,-0.678,-1.094,-0.548,-1.069,-0.683
29723.00,-0.732,3.238,0.063,-1.024,-0.733,-1.095,-0.551,-1.063,-0.695
29746.00,-0.730,3.242,0.066,-1.108,-0.651,-1.094,-0.548,-1.070,-0.687
29769.00,-0.732,3.246,0.065,-1.051,-0.664,-1.095,-0.547,-1.068,-0.682
29792.00,-0.732,3.247,0.066,-1.067,-0.720,-1.094,-0.549,-1.068,-0.691
29815.00,-0.732,3.247,0.065,-1.037,-0.691,-1.093,-0.552,-1.062,-0.695
29837.00,-0.732,3.250,0.067,-1.023,-0.650,-1.092,-0.551,-1.054,-0.687
29860.00,-0.732,3.254,0.067,-1.066,-0.720,-1.091,-0.550,-1.055,-0.693
29883.00,-0.733,3.257,0.065,-1.025,-0.679,-1.091,-0.550,-1.049,-0.691
29906.00,-0.732,3.260,0.063,-1.065,-0.609,-1.089,-0.548,-1.050,-0.676
29929.00,-0.735,3.263,0.065,-1.038,-0.637,-1.091,-0.547,-1.049,-0.668
29952.00,-0.737,3.263,0.063,-1.148,-0.706,-1.095,-0.551,-1.069,-0.676
29975.00,-0.737,3.266,0.063,-1.109,-0.721,-1.095,-0.551,-1.077,-0.684
29998.00,-0.736,3.271,0.065,-1.038,-0.636,-1.093,-0.547,-1.069,-0.672
30021.00,-0.737,3.275,0.063,-1.038,-0.734,-1.093,-0.547,-1.064,-0.682
30044.00,-0.737,3.277,0.060,-1.025,-0.706,-1.092,-0.549,-1.056,-0.688
30067.00,-0.737,3.277,0.062,-1.123,-0.666,-1.092,-0.551,-1.069,-0.687
30089.00,-0.736,3.276,0.062,-1.036,-0.691,-1.090,-0.555,-1.061,-0.691
30112.00,-0.737,3.283,0.063,-1.067,-0.651,-1.091,-0.550,-1.063,-0.680
30135.00,-0.735,3.285,0.063,-1.038,-0.692,-1.087,-0.550,-1.056,-0.682
30158.00,-0.737,3.294,0.063,-1.068,-0.666,-1.089,-0.544,-1.060,-0.674
30181.00,-0.740,3.295,0.065,-1.009,-0.691,-1.090,-0.546,-1.052,-0.679
30204.00,-0.739,3.301,0.065,-0.994,-0.676,-1.087,-0.543,-1.038,-0.676
30227.00,-0.739,3.304,0.065,-1.081,-0.693,-1.087,-0.543,-1.044,-0.679
30250.00,-0.739,3.308,0.065,-1.025,-0.762,-1.086,-0.544,-1.039,-0.694
30273.00,-0.740,3.311,0.066,-1.064,-0.746,-1.087,-0.545,-1.043,-0.706
30296.00,-0.737,3.315,0.067,-1.065,-0.705,-1.084,-0.544,-1.044,-0.707
30319.00,-0.737,3.316,0.069,-1.147,-0.719,-1.085,-0.546,-1.063,-0.713
30341.00,-0.736,3.322,0.066,-1.106,-0.636,-1.084,-0.543,-1.071,-0.698
30364.00,-0.737,3.323,0.068,-1.094,-0.720,-1.085,-0.545,-1.078,-0.705
30387.00,-0.737,3.326,0.066,-0.998,-0.638,-1.084,-0.544,-1.064,-0.694
30410.00,-0.739,3.327,0.066,-1.081,-0.652,-1.085,-0.545,-1.069,-0.687
30433.00,-0.739,3.330,0.065,-0.997,-0.678,-1.083,-0.545,-1.056,-0.685
30456.00,-0.737,3.329,0.063,-0.981,-0.622,-1.080,-0.548,-1.040,-0.676
30479.00,-0.739,3.330,0.065,-1.095,-0.707,-1.082,-0.549,-1.050,-0.681
30502.00,-0.742,3.331,0.065,-1.051,-0.664,-1.084,-0.550,-1.052,-0.678
30525.00,-0.745,3.336,0.062,-1.109,-0.679,-1.087,-0.549,-1.064,-0.676
30548.00,-0.743,3.341,0.062,-1.024,-0.636,-1.084,-0.545,-1.055,-0.665
30570.00,-0.743,3.344,0.062,-1.051,-0.761,-1.084,-0.547,-1.054,-0.682
30593.00,-0.746,3.345,0.059,-0.997,-0.679,-1.085,-0.548,-1.045,-0.682
30616.00,-0.749,3.345,0.058,-1.053,-0.665,-1.087,-0.550,-1.047,-0.681
30639.00,-0.753,3.348,0.058,-1.174,-0.677,-1.093,-0.550,-1.074,-0.679
30662.00,-0.756,3.351,0.056,-1.078,-0.649,-1.095,-0.549,-1.077,-0.673
30685.00,-0.756,3.352,0.058,-0.997,-0.706,-1.093,-0.551,-1.062,-0.679
30708.00,-0.756,3.354,0.058,-1.092,-0.733,-1.093,-0.553,-1.067,-0.690
30731.00,-0.757,3.355,0.055,-0.995,-0.705,-1.093,-0.555,-1.054,-0.694
30754.00,-0.756,3.358,0.054,-1.024,-0.692,-1.090,-0.555,-1.046,-0.694
30777.00,-0.756,3.361,0.052,-0.983,-0.692,-1.088,-0.555,-1.032,-0.695
30800.00,-0.756,3.365,0.052,-1.037,-0.747,-1.087,-0.555,-1.030,-0.704
30822.00,-0.757,3.368,0.051,-1.081,-0.651,-1.088,-0.554,-1.038,-0.695
30845.00,-0.758,3.370,0.052,-1.025,-0.706,-1.088,-0.554,-1.035,-0.698
30868.00,-0.757,3.372,0.055,-1.012,-0.679,-1.085,-0.555,-1.027,-0.696
30891.00,-0.760,3.372,0.056,-1.008,-0.622,-1.086,-0.557,-1.023,-0.684
30914.00,-0.761,3.375,0.051,-1.038,-0.692,-1.087,-0.557,-1.025,-0.684
30937.00,-0.764,3.376,0.052,-1.053,-0.693,-1.089,-0.558,-1.030,-0.686
30960.00,-0.766,3.376,0.049,-1.037,-0.705,-1.089,-0.561,-1.030,-0.691
30983.00,-0.764,3.379,0.049,-1.051,-0.650,-1.087,-0.560,-1.031,-0.683
31006.00,-0.766,3.379,0.051,-1.079,-0.650,-1.088,-0.562,-1.040,-0.678
31029.00,-0.767,3.383,0.047,-1.092,-0.733,-1.090,-0.561,-1.051,-0.685
31052.00,-0.767,3.386,0.045,-1.064,-0.636,-1.089,-0.560,-1.054,-0.675
31074.00,-0.766,3.385,0.047,-1.080,-0.582,-1.088,-0.562,-1.058,-0.659
31097.00,-0.768,3.386,0.047,-1.122,-0.720,-1.091,-0.563,-1.074,-0.669
31120.00,-0.767,3.390,0.044,-1.135,-0.678,-1.091,-0.562,-1.086,-0.667
31143.00,-0.767,3.393,0.045,-1.052,-0.761,-1.090,-0.563,-1.082,-0.684
31166.00,-0.768,3.396,0.045,-1.066,-0.665,-1.091,-0.562,-1.083,-0.680
31189.00,-0.768,3.397,0.048,-1.051,-0.650,-1.090,-0.562,-1.078,-0.675
31212.00,-0.768,3.400,0.047,-1.106,-0.636,-1.090,-0.561,-1.085,-0.666
31235.00,-0.770,3.406,0.051,-1.039,-0.734,-1.091,-0.559,-1.079,-0.675
31258.00,-0.771,3.410,0.049,-1.064,-0.650,-1.091,-0.557,-1.078,-0.669
31281.00,-0.773,3.413,0.048,-1.053,-0.762,-1.092,-0.558,-1.075,-0.686
31304.00,-0.770,3.414,0.049,-1.136,-0.721,-1.090,-0.560,-1.085,-0.694
31326.00,-0.771,3.414,0.049,-1.009,-0.608,-1.090,-0.561,-1.073,-0.681
31349.00,-0.773,3.420,0.049,-1.054,-0.597,-1.091,-0.556,-1.070,-0.662
31372.00,-0.775,3.425,0.049,-0.995,-0.608,-1.091,-0.552,-1.058,-0.648
31395.00,-0.775,3.428,0.049,-1.081,-0.776,-1.091,-0.553,-1.061,-0.670
31418.00,-0.780,3.432,0.048,-1.105,-0.677,-1.096,-0.552,-1.071,-0.670
31441.00,-0.781,3.434,0.049,-1.039,-0.706,-1.096,-0.554,-1.066,-0.678
31464.00,-0.781,3.437,0.049,-0.981,-0.663,-1.094,-0.553,-1.048,-0.676
31487.00,-0.781,3.438,0.049,-1.067,-0.804,-1.093,-0.557,-1.049,-0.702
31510.00,-0.781,3.438,0.047,-1.024,-0.706,-1.092,-0.560,-1.042,-0.707
31533.00,-0.782,3.444,0.047,-0.971,-0.375,-1.091,-0.550,-1.027,-0.643
31556.00,-0.785,3.445,0.047,-1.144,-1.020,-1.094,-0.558,-1.049,-0.714
31578.00,-0.784,3.448,0.044,-1.024,-0.360,-1.092,-0.552,-1.041,-0.649
31601.00,-0.784,3.452,0.045,-0.970,-0.513,-1.089,-0.547,-1.025,-0.619
31624.00,-0.785,3.459,0.044,-1.122,-1.012,-1.091,-0.549,-1.042,-0.686
31647.00,-0.784,3.462,0.045,-0.996,-0.567,-1.088,-0.547,-1.031,-0.665
31670.00,-0.784,3.463,0.044,-0.978,-0.716,-1.086,-0.549,-1.018,-0.675
31693.00,-0.784,3.463,0.044,-1.156,-0.752,-1.087,-0.553,-1.042,-0.693
31716.00,-0.784,3.464,0.047,-0.962,-0.646,-1.085,-0.553,-1.026,-0.687
31739.00,-0.784,3.467,0.047,-0.957,-0.693,-1.082,-0.554,-1.010,-0.689
31762.00,-0.781,3.471,0.045,-1.009,-0.511,-1.078,-0.549,-1.005,-0.654
31785.00,-0.781,3.474,0.045,-1.023,-0.622,-1.077,-0.547,-1.005,-0.646
31808.00,-0.781,3.477,0.049,-1.009,-0.816,-1.075,-0.550,-1.003,-0.677
31830.00,-0.784,3.481,0.048,-1.146,-0.566,-1.080,-0.546,-1.031,-0.655
31853.00,-0.782,3.484,0.048,-1.067,-0.748,-1.078,-0.548,-1.037,-0.671
31876.00,-0.784,3.491,0.048,-1.037,-0.663,-1.078,-0.543,-1.038,-0.667
31899.00,-0.784,3.495,0.049,-1.096,-0.693,-1.079,-0.542,-1.050,-0.671
31922.00,-0.781,3.501,0.051,-1.052,-0.637,-1.076,-0.538,-1.049,-0.663
31945.00,-0.782,3.502,0.051,-1.011,-0.679,-1.076,-0.540,-1.044,-0.667
31968.00,-0.784,3.506,0.052,-1.024,-0.803,-1.076,-0.541,-1.042,-0.692
31991.00,-0.785,3.511,0.051,-1.080,-0.665,-1.077,-0.539,-1.051,-0.688
32014.00,-0.785,3.516,0.051,-1.024,-0.706,-1.076,-0.537,-1.047,-0.691
32037.00,-0.785,3.518,0.054,-1.023,-0.760,-1.075,-0.540,-1.043,-0.708
32060.00,-0.785,3.520,0.054,-1.038,-0.651,-1.075,-0.540,-1.042,-0.701
32082.00,-0.785,3.523,0.055,-1.080,-0.540,-1.075,-0.537,-1.049,-0.672
32105.00,-0.785,3.526,0.054,-1.132,-0.704,-1.076,-0.538,-1.066,-0.678
32128.00,-0.788,3.527,0.054,-1.053,-0.693,-1.078,-0.539,-1.068,-0.682
32151.00,-0.791,3.529,0.051,-1.011,-0.665,-1.079,-0.540,-1.061,-0.680
32174.00,-0.788,3.529,0.051,-1.176,-0.720,-1.079,-0.544,-1.081,-0.690
32197.00,-0.786,3.532,0.052,-1.095,-0.679,-1.078,-0.544,-1.086,-0.689
32220.00,-0.786,3.537,0.054,-1.010,-0.637,-1.076,-0.540,-1.074,-0.677
32243.00,-0.788,3.543,0.052,-1.095,-0.665,-1.078,-0.537,-1.081,-0.672
32266.00,-0.789,3.546,0.054,-1.052,-0.692,-1.079,-0.538,-1.078,-0.676
32289.00,-0.788,3.548,0.055,-1.037,-0.664,-1.077,-0.537,-1.070,-0.673
32311.00,-0.784,3.551,0.056,-1.120,-0.691,-1.074,-0.538,-1.077,-0.677
32334.00,-0.787,3.557,0.054,-1.079,-0.719,-1.076,-0.536,-1.081,-0.682
32357.00,-0.787,3.558,0.055,-1.066,-0.623,-1.076,-0.536,-1.080,-0.673
32380.00,-0.788,3.561,0.056,-1.066,-0.678,-1.077,-0.536,-1.079,-0.674
32403.00,-0.789,3.564,0.056,-1.121,-0.678,-1.080,-0.537,-1.089,-0.674
32426.00,-0.787,3.565,0.056,-1.027,-0.722,-1.076,-0.539,-1.076,-0.685
32449.00,-0.787,3.569,0.058,-1.149,-0.637,-1.077,-0.537,-1.091,-0.675
32472.00,-0.787,3.576,0.059,-1.163,-0.665,-1.079,-0.532,-1.107,-0.669
32495.00,-0.789,3.579,0.058,-1.038,-0.664,-1.081,-0.532,-1.098,-0.668
32518.00,-0.791,3.583,0.061,-1.068,-0.624,-1.082,-0.530,-1.095,-0.658
32541.00,-0.789,3.590,0.059,-1.010,-0.720,-1.079,-0.527,-1.079,-0.666
32563.00,-0.788,3.594,0.059,-1.108,-0.776,-1.079,-0.528,-1.083,-0.686
32586.00,-0.788,3.599,0.061,-1.080,-0.720,-1.079,-0.528,-1.082,-0.693
32609.00,-0.791,3.601,0.061,-1.080,-0.665,-1.081,-0.528,-1.084,-0.690
32632.00,-0.792,3.600,0.059,-1.064,-0.733,-1.082,-0.533,-1.082,-0.704
32655.00,-0.788,3.604,0.059,-0.968,-0.636,-1.076,-0.531,-1.056,-0.692
32678.00,-0.788,3.607,0.059,-1.024,-0.664,-1.075,-0.531,-1.047,-0.688
32701.00,-0.788,3.608,0.062,-1.081,-0.665,-1.075,-0.532,-1.051,-0.686
32724.00,-0.788,3.610,0.063,-1.123,-0.679,-1.076,-0.534,-1.063,-0.686
32747.00,-0.790,3.614,0.062,-1.065,-0.650,-1.077,-0.532,-1.064,-0.678
32770.00,-0.791,3.620,0.065,-1.147,-0.746,-1.080,-0.531,-1.080,-0.689
32793.00,-0.792,3.622,0.065,-1.121,-0.678,-1.082,-0.531,-1.090,-0.688
32815.00,-0.794,3.624,0.065,-1.067,-0.762,-1.083,-0.534,-1.088,-0.704
